x,y,color,octave,scale,histogram
67,113,0,0,0,0.0,0.2628696139079545,0.3417335075574488,0.8732111293187224,2.1919256465307937,1.904357051913508,2.321850075083791,1.5895887732469978,1.5219077945629398,0.7831080179985836,0.0,0.19826748917130232
169,110,0,0,0,0.0,0.0,1.814145142261117,7.617742413356593,5.462136196185249,6.545949814088875,0.0,0.0,0.0,0.0,0.0,0.0
171,122,0,0,0,0.0,0.0,18.583039783032753,0.0,0.0,0.0,0.0,0.0,0.0,0.0,0.0,0.0
171,123,0,0,0,0.0,0.0,19.677206536180545,0.0,0.0,0.0,0.0,0.0,0.0,0.0,0.0,0.0
171,124,0,0,0,0.0,0.0,20.73902688731304,0.0,0.0,0.0,0.0,0.0,0.0,0.0,0.0,0.0
171,125,0,0,0,0.0,0.0,21.73827870091067,0.0,0.0,0.0,0.0,0.0,0.0,0.0,0.0,0.0
172,129,0,0,0,0.0,0.0,20.28212534522617,0.0,0.0,0.0,0.0,0.0,0.0,0.0,0.0,0.0
172,130,0,0,0,0.0,0.0,21.244807068135206,0.0,0.0,0.0,0.0,0.0,0.0,0.0,0.0,0.0
173,133,0,0,0,0.0,0.0,18.713543532824943,0.0,0.0,0.0,0.0,0.0,0.0,0.0,0.0,0.0
173,134,0,0,0,0.0,0.0,19.836259118859683,0.0,0.0,0.0,0.0,0.0,0.0,0.0,0.0,0.0
176,150,0,0,0,0.0,0.0,19.99862743455383,0.0,0.0,0.0,0.0,0.0,0.0,0.0,0.0,0.0
176,151,0,0,0,0.0,0.0,20.99597051888848,0.0,0.0,0.0,0.0,0.0,0.0,0.0,0.0,0.0
177,156,0,0,0,0.0,0.0,20.493086116392735,0.2956646832548798,0.0,0.0,0.0,0.0,0.0,0.0,0.0,0.0
178,161,0,0,0,0.0,0.0,20.327109868715215,0.08308628548698223,0.0,0.0,0.0,0.0,0.0,0.0,0.0,0.0
178,162,0,0,0,0.0,0.0,21.44866808373148,0.0,0.0,0.0,0.0,0.0,0.0,0.0,0.0,0.0
179,167,0,0,0,0.0,0.0,20.640603647786335,0.0,0.0,0.0,0.0,0.0,0.0,0.0,0.0,0.0
179,168,0,0,0,0.0,0.0,21.69543296026633,0.0,0.0,0.0,0.0,0.0,0.0,0.0,0.0,0.0
181,177,0,0,0,5.273542681361513,13.931600368961885,6.435626997898863,0.0,0.0,0.0,0.0,0.0,0.0,0.0,0.0,0.0
196,188,0,0,0,0.0,0.0,15.615761507576117,1.2810583972414638,0.08585868689637366,0.0,0.0,0.0,0.0,0.0,0.0,0.0
70,128,1,0,0,0.22225465871841138,0.0,0.32812236109138915,0.5557131094203736,1.05152676318995,2.016429114326414,1.2807336624920003,2.232244789870186,2.9046392077162,1.6450556692825367,0.3628038991651981,0.0
168,110,1,0,0,0.0,0.0,3.6927947129964194,9.709995174986279,4.829739277598379,4.1876288789232685,0.0,0.0,0.0,0.0,0.0,0.0
171,124,1,0,0,0.0,0.0,19.387052702962972,0.0,0.0,0.0,0.0,0.0,0.0,0.0,0.0,0.0
181,177,1,0,0,5.014723821701553,12.90972976541198,6.475442038139352,0.0,0.0,0.0,0.0,0.0,0.0,0.0,0.0,0.0
196,188,1,0,0,0.0,0.0,15.003527542543813,1.195603981768164,0.08489237574879849,0.0,0.0,0.0,0.0,0.0,0.0,0.0
70,128,2,0,0,0.2452717587644528,0.0,0.3260475990479923,0.5606630911167837,1.0713676702912176,2.014681407344694,1.2807336624920003,2.826302794506487,2.321320898660452,1.6719555960633732,0.38091929586168,0.0
168,110,2,0,0,0.0,0.0,3.509338867445347,8.122279472211867,5.8073294715440475,4.147990648790877,0.0,0.0,0.0,0.0,0.0,0.0
169,110,2,0,0,0.0,0.0,1.646235152806643,5.928447904806496,5.085566155599974,7.534795858090266,0.0,0.0,0.0,0.0,0.0,0.0
181,177,2,0,0,4.719122118514814,13.417164797553715,4.965135460934428,0.0,0.0,0.0,0.0,0.0,0.0,0.0,0.0,0.0
69,129,0,0,1,0.5348028001249854,0.1748781766226287,0.1302062075582433,0.22583500187013222,0.4808207645360915,0.49553467221015424,0.6205591780327483,0.4013365658350748,0.2555705494616457,0.5980639408890963,0.5759563568987411,0.4176652304234151
72,144,0,0,1,0.46987412288548625,0.23001809361328865,0.1528635055170388,0.21357484426155743,0.31245720342035527,0.516972985189107,0.47709929592724043,0.6832428505366609,0.3897179271820607,0.3862848991410741,1.104968526895976,0.25777394661097686
75,159,0,0,1,0.45222521549333317,0.15902782617152159,0.07623395670283895,0.16374665381824866,0.2665720304687815,0.5163069746081841,0.40694748168680733,0.7745634163512265,0.5088836010314621,0.9115581177429224,0.7180628661122085,0.37701229392881874
77,174,0,0,1,0.37960003437304046,0.3281288747695578,0.06549870334382847,0.21179288621321846,0.3981916666916462,0.5448716973166884,0.4947596457783311,0.6941730900942549,0.6537955634892388,0.3756348762749384,0.5846440744727315,0.43293764775038945
78,109,0,0,1,0.18164977025730958,0.26723613191255613,0.2157578109304908,0.6601463899364866,0.8874986918208106,0.6162081754311193,0.8816258083516809,0.7286570228686412,0.37729197412199617,0.5421688719552727,0.3240782328993658,0.2165158634056894
78,110,0,0,1,0.34766107143951197,0.5018192854986725,0.24576231416073394,0.6627406204672288,0.7239844457096949,0.35369535297178917,0.42306764895449234,0.550715682441277,0.36820408161691287,0.5915121019391891,0.6106507017588244,0.5318740874044969
79,189,0,0,1,0.25304119419805593,0.4681555398713679,0.15921171287292135,0.28650477487958464,0.5576432445651485,0.43858246302483656,0.8314111253172437,0.786849427325972,0.2520625570849961,0.2512678903388721,0.5291824028726202,0.3642878133616477
81,125,0,0,1,0.40878655401471853,0.5112255791680792,0.2885889901648404,0.6815929746321351,0.6787532251085272,0.3149372395087064,0.5701890919375568,0.8500130700730817,0.4672586504963485,0.921160869330228,0.7805299704869739,0.5760154151088226
81,204,0,0,1,0.13635244115168604,0.2754088334904389,0.128815039064867,0.27867686560090105,0.5268091228857226,1.3428238306819495,0.6721246679577841,0.7707926632941614,0.36426293396846504,0.2665129283285189,0.1456725835397109,0.07874098637380701
81,205,0,0,1,0.5091115380890057,0.3343619714645323,0.1467287879996431,0.2910385406712179,0.4862252016764016,0.7758000789437199,0.3674244297048376,0.5876069748772601,0.3695913870151472,0.31159968530073845,0.2601249020656995,0.3184093660649301
82,204,0,0,1,0.1305609587979253,0.20487591829786952,0.06664483341869308,0.1859447304901914,0.30220681672930855,1.0777831638210222,0.7131121706562578,1.212979795213014,0.6771543170249352,0.491473167750855,0.1604020233789586,0.08223381483723329
82,205,0,0,1,0.4285231563582184,0.24768631433538957,0.07591284142714662,0.194192951362064,0.28057043946621535,0.6470002341937,0.38372280956178756,0.8794234435266701,0.6827743179285035,0.5774095270878196,0.3797175311232103,0.3423511887036997
83,140,0,0,1,0.4238326713274777,0.5805207587531767,0.5289356495131624,0.619536715985836,1.1158768702657589,0.6325901352130482,0.46378177347464733,0.7801821253395902,0.4456251413412521,0.2964426521774714,0.6462096059987498,0.29286725676281256
83,141,0,0,1,0.9411835019993529,0.7569749254815856,0.5629481043774354,0.581900978974474,0.7492024324898089,0.25513977738879573,0.1380702858376295,0.5770841022889459,0.4148585548564443,0.3095923900837707,0.9937301150497854,0.5033058372213378
84,140,0,0,1,0.39382841956706005,0.4209776026569864,0.23836680074040262,0.2720777715975431,0.7431640362557247,0.5931754126927196,0.49734832479249613,1.1053019375999618,0.8366568741478543,0.6550268261925821,0.8636085731799052,0.30585839565419687
86,156,0,0,1,0.8709109094045875,0.502608059369358,0.5580322957836311,0.47727876338459035,0.8310566199904242,0.23667358015952514,0.45597495824629036,0.8307287668943529,0.4763553254974403,0.5965479449172553,0.8547629488826651,0.14759884079084373
89,171,0,0,1,0.2686155103085064,0.5552505349501439,0.25385600937467323,0.4333209419330736,0.6197172016686081,0.5812792309204043,0.6292394061040787,1.1672660362429912,0.6302737229038031,0.8105805049912671,0.6513635154711488,0.2722606169252577
90,105,0,0,1,0.6645631381684278,0.5852039226199115,0.2910990312680922,0.7464570906524229,0.6994895965003431,0.7012772841566481,0.43262829669780034,0.5054336428512468,0.45491296027040484,0.5582390357480858,0.6813283953457093,0.2987787617078089
91,187,0,0,1,0.539970340736734,0.8048589966519855,0.3027250441062649,0.752292619121689,0.7048210848667902,0.3307129366456376,0.8106048969130065,0.7284854295798819,0.7927139368122652,0.3306965137949077,0.8764322651916342,0.15124995834404467
93,121,0,0,1,0.4877110681124076,0.7266045607370495,0.5748331105207978,0.4840099227074757,0.6988727707917773,0.3089599395958938,0.34641228704279714,0.5853777174092499,0.6329343615460968,0.6852325765795582,1.2610794506576624,0.6628814816892638
93,203,0,0,1,0.24964220537272094,0.6201727202237608,0.6139914727575526,0.8677645959440886,0.8972290958068199,0.604002205680211,0.572913191358398,0.6151706819535494,0.42305967057260196,0.36269833968469495,0.22328385453009053,0.4194715953926698
94,203,0,0,1,0.23903881305382843,0.45961355621692623,0.3263307570220966,0.49109023787619854,0.5598231793106114,0.5656324510697608,0.6114946207615299,0.9688877424070195,0.8094604245816329,0.6967044992629194,0.37007197705414546,0.44920419466056094
96,136,0,0,1,0.27116365244956453,0.46752435105192314,0.4271580614213626,0.31849308770371826,1.011514955757722,0.5085928113848404,0.681402432340775,1.2093735924729088,0.6966323895009534,0.6732013999896689,0.8378356985568525,0.28394480340645145
96,137,0,0,1,0.6304060182779818,0.6554424853932407,0.45933069154453565,0.30496529838325503,0.6450061233273048,0.2919151068152318,0.27483578928586644,0.8194983033480217,0.6537765713494808,0.7187861407982692,1.250393222133961,0.6752366646424557
98,152,0,0,1,0.406761952051071,0.45614908777383045,0.7570858344648326,0.8734052590231345,0.8386811565615735,0.8794707516002254,0.6541009581416319,0.6838076904674958,0.4827958619602538,0.4563917060217718,0.4733913235430674,0.2828125516755564
99,152,0,0,1,0.3772998710911162,0.3059236474614635,0.3952179359268285,0.4607498888738915,0.49760114556163104,0.8131279213158689,0.6980337589664621,1.030126459532709,0.8982470090030741,0.8523494309140136,0.6658602137985372,0.29535767938855134
101,168,0,0,1,0.4921254835127278,0.5576013091789332,0.5935997646547174,0.6544982787330614,0.9571937461964519,0.5311948267006525,0.8989402729628391,0.8007805968035722,0.6433689919244739,0.6012691846530149,0.5826792117184839,0.15210890426890547
103,99,0,0,1,0.293911177774287,0.3467589463195772,0.4472260642816951,0.620997210354438,1.246788055065333,0.6415509166691085,1.0009960350478508,0.7413765831597696,0.48570069968400875,0.5919929096375249,0.6846356287706576,0.09795639812224287
103,100,0,0,1,0.502442546090151,0.6673161259133185,0.49425129648092325,0.6183150046334467,0.889766323506673,0.4018105822369954,0.4396153113015625,0.5462905100053339,0.45219839736844974,0.6328078060617323,1.0799803490709166,0.4419067521131467
104,184,0,0,1,0.15097283074457007,0.5311984325701917,0.5324993835280821,0.5188984856001417,0.7511482417391535,0.689124165844214,1.1891860779780004,1.0181265523016265,0.5421417862014498,0.8263973338805272,0.5764545655222609,0.304582929344269
104,185,0,0,1,0.4891097295665006,0.7449784537490728,0.5691678728978007,0.4828932759423203,0.5387603026338528,0.3103155493048574,0.5618979624514416,0.7819129978788193,0.505137194708263,0.8937681569534992,0.9774156811911259,0.6974049456218484
106,115,0,0,1,0.14403287428646835,0.3851956997375537,0.3929001096528209,0.7491654758522537,1.0549295845527271,0.9534725452028618,0.9312397690372125,1.240035543278192,0.6058821581797077,0.8886624381316702,0.6372156035242293,0.2513687129711377
106,116,0,0,1,0.5029722316431849,0.5951313301556009,0.4385979548981203,0.7484683651042173,0.8034095030821322,0.36152288175623415,0.6312615277068032,0.8235102892037338,0.568110951754993,0.9614224648160354,1.074311170068012,0.6687319754230318
106,200,0,0,1,0.08836200853367351,0.16549187468875443,0.4952596556593769,0.7740056531627217,1.4922969229911276,1.2591543238235867,1.0908263678408385,0.8933506284131146,0.4611365135747024,0.36847970900436133,0.10138984388648276,0.08460888897935374
106,201,0,0,1,0.24075824238693797,0.4593620459200225,0.6800455206576788,0.8050049588904851,1.2381001389281687,0.6798868064888259,0.6582033930763909,0.7043135208062286,0.46659698517813414,0.4295360029741544,0.3440151668554293,0.23053219068937242
107,201,0,0,1,0.23053219068937242,0.39816759103146165,0.38339327190423306,0.28263140794778213,0.8266738737954513,0.6372308128817166,0.7026128217475494,1.2401648071206792,0.7300005202458912,0.7830093975606239,0.4970969723021062,0.24075824238693797
109,132,0,0,1,0.290294114647949,0.528499468188713,0.46871081046630664,0.5349181605811998,0.7720777536821887,0.6952281759088672,0.9401492202839091,0.9032070581568045,0.985467134019485,0.7481263026928251,0.8721029782014568,0.39210980172765947
111,149,0,0,1,0.6536109268579081,0.8606857593349891,0.7870296282267373,1.152664251728762,0.9955979762866191,0.3591946873252604,0.34393812370499743,0.9087531292413727,0.1813619734389042,0.5552801739750985,0.8024829482288534,0.4613734131775242
112,149,0,0,1,0.6122481778253259,0.6248215984069988,0.22760306393032337,0.6702893863149562,0.744657230135627,0.34393812370499743,0.3591946873252604,1.1822898255589482,0.7634472081779577,0.847737085408134,1.234341408794567,0.4818392247456488
114,165,0,0,1,0.46916493328018094,0.6851351313087046,0.6508711033592516,0.7209368657782145,1.2831970318107624,0.6857402830874595,0.6626904337062585,0.7205723113130297,0.5147862591551522,0.47412991369309143,0.5401227947426656,0.29780477210243256
116,94,0,0,1,0.29589916132532224,0.6175157017034335,0.8071157779922868,0.9355291710682461,1.2168427252500422,0.48736837174749303,0.5831608913807924,0.5956061509650659,0.27249798821831844,0.4388334170945516,0.6312146585694614,0.28377798157311374
117,94,0,0,1,0.2833310345148766,0.449173929930987,0.42691578466270785,0.47235391513420016,0.8368475243136756,0.46666771321203837,0.6216046312447423,0.936613336658671,0.48405914245351295,1.0099324778861924,0.8567245331823473,0.2963659342643179
117,182,0,0,1,0.592265154064788,0.7861559749170318,0.520867839544616,0.9001795386326781,0.8417820570209629,0.8617157437049674,0.37537638062061557,0.7964057910422716,0.8299978172032156,0.355687410826052,0.754793069658559,0.33384531959878716
119,111,0,0,1,0.6822258874552709,0.8878981107171315,0.5749251739759538,1.2865765345756357,1.2496494001026308,0.37341224726586664,0.5237803127305154,0.7426696086735062,0.1674556565839207,0.5780460877121818,0.8054965500196493,0.5347440170808431
120,111,0,0,1,0.6390120819132791,0.6450261309131705,0.17944042500117127,0.5909550626293667,0.960904014606003,0.3575518019195849,0.5619941545393553,0.9932970171290667,0.5779409182337176,1.2630145930554164,1.075348709049679,0.5745884942279604
120,198,0,0,1,0.09434176858937114,0.10058817946443263,0.5964271545009349,0.6164403023142111,1.200297978967204,0.9972072709097577,1.3486483952231232,1.338554045558305,0.6375047063312468,0.396619741366402,0.08639118357114746,0.0
120,199,0,0,1,0.24207347971456494,0.4793373419320296,0.7022966098511838,0.6285054206029794,0.9626202405824368,0.42452721537469096,0.8770351910304411,1.1016993365291712,0.6627860139357182,0.4726348039353029,0.3283501834421263,0.13228753032094112
122,128,0,0,1,0.5688234131223853,0.8198547897742784,0.977358722378067,1.2578640703038015,1.0746260513134862,0.3587056673641607,0.5203284642791545,0.744060346505627,0.16837011591765044,0.5573371076925292,0.8008591122492874,0.5527924911261283
123,128,0,0,1,0.5294571797977186,0.591210971220597,0.5190570700239568,0.5844131929071832,0.8061144863732188,0.34346987455263006,0.5583891874254325,0.994691253891855,0.5703915668254101,1.0837178264981029,1.242895799555947,0.5943305151412768
125,145,0,0,1,0.6545915602998686,0.854703075120817,0.550269578726325,1.281313323825244,1.0443607211451416,0.5730310034885508,0.5303680217881137,0.6037345611496454,0.6779334813276368,0.2578979288931941,0.9447590318710677,0.35859285996659473
128,162,0,0,1,0.5150807570637361,0.7724095478198831,0.7314123165681758,1.072649296690274,1.2172768458201593,0.5646169089218878,0.6616933706051639,0.6694431165393017,0.5645885620124521,0.3336332996074436,0.7259961675119582,0.33010787363329114
129,162,0,0,1,0.4796622937244469,0.5518616797407878,0.3263128378182383,0.566193136099003,0.7895272363510996,0.5255921656805687,0.7065860356079207,0.9200687946964796,1.2291552806142851,0.7547343031468364,0.981807363092297,0.3447509487346596
131,179,0,0,1,0.3044883143813018,0.7117476862030003,0.9061058098468537,0.9742146716673877,1.1587165575989606,0.7435991544187233,0.706813456113115,0.7378754463281568,0.47868209370239423,0.3001452302595544,0.664123897016824,0.2892687019382588
132,179,0,0,1,0.29155536881193045,0.510374833209733,0.46402016819379527,0.5001020881955927,0.7360890753895003,0.697392277064983,0.7542532191354677,1.1662724419679604,0.9700076540265219,0.713029656451897,0.9071820772865986,0.3021002144990974
135,197,0,0,1,0.1278425452165145,0.3379955164726494,0.6438257118810807,0.4984936495583454,0.7473248394852408,0.6760288132375529,1.01912512341874,1.0610897173989222,0.710209128231882,0.9598397738784387,0.47681302386771257,0.23021797670566163
170,111,0,0,1,0.0,0.0,2.042071073540429,4.586430186990463,3.7255789632814515,3.9948683996719274,0.0,0.0,0.0,0.0,0.0,0.0
172,123,0,0,1,0.0,0.08115545528161282,12.204208323853992,0.0,0.0,0.0,0.0,0.0,0.0,0.0,0.0,0.0
179,162,0,0,1,0.0,0.0,13.43303086641855,0.04673546122145496,0.0,0.0,0.0,0.0,0.0,0.0,0.0,0.0
180,170,0,0,1,0.0,0.0,14.784493402655562,0.03778604961377715,0.0,0.0,0.0,0.0,0.0,0.0,0.0,0.0
182,176,0,0,1,3.3903343868580107,8.383553797637635,4.343477239445436,0.0,0.0,0.0,0.0,0.0,0.0,0.0,0.0,0.0
67,114,1,0,1,0.327855976245216,0.1317522367775376,0.14365520292575268,0.14993638901912554,0.3480473956359985,0.6818395413338517,0.8589785238458586,0.41332625039451554,0.5979451089293406,0.375268891230648,0.7565819573176655,0.2290995954555059
70,129,1,0,1,0.4684933492343909,0.1605113855817662,0.07534373703121246,0.1616762145432165,0.31010732242641964,0.5681908573353964,0.5653075333465833,0.6665795943848638,0.4072497122213666,1.1123981109247754,0.7967210608785357,0.394671091977783
72,144,1,0,1,0.4053630678997349,0.24429874527468187,0.17024640393334245,0.3252798193217994,0.5326522918205723,0.37229508769031555,0.5156909589401588,0.7038494268534972,0.26413368460091136,0.7109958092054685,0.8631227917756977,0.39826557885925185
74,159,1,0,1,0.5905606545613489,0.37929343524136966,0.1783817915246399,0.2644717066483085,0.7893783985466922,0.42077290566235626,0.4162178386457593,0.6803427832536317,0.1968351769558625,0.5161430505461884,0.5859907122066511,0.26138277293167894
75,159,1,0,1,0.49405720017742905,0.2778846053606719,0.08867691874277796,0.15989043367168373,0.5218977502367479,0.3222310423181059,0.42264596392451204,0.9426304611833978,0.33912251430291174,0.863926243553319,0.8849036155941419,0.27297730877875276
77,174,1,0,1,0.406907816277591,0.3802841217369859,0.08444374460139162,0.2390964631716722,0.46936478330404285,0.5608751108763417,0.5070627759908015,0.7683219135761458,0.5166102910640643,0.42500567984900545,0.7699216973207984,0.48772648096631976
78,109,1,0,1,0.3199236018996686,0.31338901248005635,0.33394384002533933,0.6118280431352255,1.078567656989462,0.73172980904747,0.9851695863359844,0.5254322764112752,0.2803224579097267,0.6386832285569983,0.34974465556605794,0.11735810749299766
78,110,1,0,1,0.6635392102364955,0.5709769377117897,0.3699563315566916,0.6109100045714375,0.8004367992157745,0.521420621707909,0.4161019035545403,0.4621292650699491,0.2684159415713725,0.69206369984689,0.6649911807281663,0.28616924185833437
79,189,1,0,1,0.48110606019139723,0.4324397047733501,0.16852764073833648,0.32432518899526813,0.6088435524822812,0.47898923513393754,0.8826201068602404,0.6247401905108921,0.464063925653184,0.2512678903388721,0.536135086087451,0.24592635416325995
79,190,1,0,1,0.9794344756949792,0.48876991508775336,0.17600326642646924,0.3105496849186182,0.5169976081203672,0.12297276056816907,0.3867130113642818,0.4443267641239549,0.4349023704941826,0.26241374562641306,0.8483740054645322,0.41876453130744207
80,189,1,0,1,0.4373471324395091,0.26334928362394433,0.0799141010620595,0.19909532317169082,0.3459856132949647,0.34587425949213413,0.893324152051664,0.8960098650445347,0.7631114538129629,0.5294696325078423,0.7167476864069686,0.25683526716125393
81,125,1,0,1,0.4584884694795359,0.5059792065732042,0.45489201874303553,0.5554833229412309,0.7004651624110314,0.33146803883944254,0.5907421195889742,0.7950330720525588,0.4827490030263035,1.0434827913910956,0.8151091559568436,0.6024403417357305
82,204,1,0,1,0.2519867626057026,0.1460195522840085,0.11690901441200242,0.29238411104828904,0.36652137985778777,0.9968788462349509,1.0341934044674839,0.960921914552849,0.5399771902064132,0.5915991026200003,0.30057584821313255,0.08778579105079402
82,205,1,0,1,0.5819290111804409,0.1728720308847373,0.1290734557946064,0.2963216027475385,0.33083145290267113,0.5580018830257862,0.524774712322561,0.7695312654658383,0.5393988493524122,0.6654670497415457,0.6808209699478183,0.2415927213692619
83,140,1,0,1,0.2766276950122384,0.7602626663108396,0.5911793933109195,0.855519210291272,1.0050510995414477,0.6576803861258483,0.620672919138992,0.8282815224542407,0.31355284386278026,0.4578650814134895,0.5117543800066685,0.2919151068152318
83,141,1,0,1,0.6572908260574364,1.1182666033948725,0.6286965561132675,0.7910307527057874,0.6249096626917511,0.2798625726273662,0.26735437951007046,0.6157939373464196,0.3002348882261617,0.4913352129852785,0.7214517620802612,0.6651391354403504
86,156,1,0,1,0.7759689014282931,0.6889449352227216,0.309909554958368,0.7633248203442267,0.8862238006944783,0.14983590689763956,0.5638887492278143,0.8569072015140611,0.4424256225608355,0.697097684351015,0.7504588411660311,0.3327903643858896
89,171,1,0,1,0.4173830177989085,0.4632228059205248,0.2740649233858985,0.29201571552962463,0.8375869608830284,0.6326199089910893,0.6756215089340177,1.0322723083250795,0.8867530639839021,0.663794724276944,0.8650982267366185,0.30523471843122707
90,105,1,0,1,0.3707702631405433,0.6552800346711576,0.43332426257613244,0.8093015783818767,0.9438177805444007,0.613624447955478,0.31684605756240525,0.6918166700511894,0.30572541071690873,0.7465116752489653,0.8691275058924554,0.30934561772939334
91,187,1,0,1,0.5477083076399152,0.8395659389347242,0.31123673721467204,0.796638063069915,0.7439339979347686,0.5297280045404109,0.6614727950635819,0.7725038638148063,0.800679754763842,0.4921248176119151,0.7313347248859317,0.16120511980436944
93,121,1,0,1,0.35751556745716023,0.9284756665916092,0.6013645158302695,0.500352959713814,0.7422936843759205,0.3257961542572685,0.38994135033838795,0.6273942805701263,0.6701385079594135,0.9369080965094233,1.0892684369518835,0.6860255506612774
94,203,1,0,1,0.2835353718110937,0.5894148203440642,0.2739465249387668,0.5327035817126976,0.585916740516364,0.6032329614280426,0.6381081267996279,1.0077843092180663,0.8527172498608979,0.5793204627055185,0.6256951707726472,0.40737446494170054
96,136,1,0,1,0.2718055859164949,0.4015010128575071,0.5351974666577403,0.5179447790989948,0.7519826277493704,0.6885253203465391,1.0225862573631592,1.002511061833318,0.7303742966677286,0.9037025126864966,0.6938605185941079,0.28006544295112196
98,152,1,0,1,0.2880108397900485,0.6446811364429933,0.8039775386051556,0.714466491384689,1.3127452905260013,0.7282837721963026,0.7094766944621038,0.8909967917912078,0.3179647352863786,0.46134007584097214,0.5145919051863885,0.2755552470449719
98,153,1,0,1,0.6963083744721623,1.0136682964635564,0.8677110522484177,0.6707601418670606,0.8921575748612344,0.30279507970612707,0.32099103832464415,0.6593831680497342,0.30445938739546186,0.49622899313574986,0.7282630596201368,0.6612990242477019
99,152,1,0,1,0.2757777643698564,0.46938859171741043,0.4218833480191902,0.30536150512731397,0.8912782514983252,0.6831754500458117,0.7556967323313853,1.2995748894453114,0.7265222290081752,0.8921189540733554,0.7102256684290903,0.2877784519405268
99,153,1,0,1,0.6529084083680519,0.669747254852988,0.45315002363413015,0.29239147134188803,0.6611444138927814,0.2899340531919572,0.33522970470154934,0.8858148953711836,0.6823968591229699,0.964827176239742,1.1103710346748092,0.705896433214418
101,168,1,0,1,0.4924481803762865,0.5796510742589321,0.6247029845843026,0.6768899020346782,1.0090130415738179,0.38424873350545474,1.1431764096241388,0.9549682452361895,0.5296231992711304,0.6333029264964248,0.60921282062767,0.1541749942227106
103,100,1,0,1,0.4093525535051706,0.5484131742030786,0.4524791184578971,0.8018095971717389,0.9446027692803256,0.5920910592102155,0.15724542440117434,0.8598287589064518,0.33476803886894635,0.8108637806495,0.9171176174975857,0.5067987597479323
104,185,1,0,1,0.5250891995080109,0.7886380898096879,0.6092697488003735,0.33878283347248117,0.7292612913173786,0.3135573211857744,0.5661538611848594,0.6540413909389982,0.6719936115640976,0.9086407683247925,1.0563592099256924,0.6819788199320578
106,116,1,0,1,0.374283258086867,0.6253423178828617,0.7456005365666143,0.6901643569172904,0.8561304237509115,0.3587408633231772,0.6662269107176376,0.847953717413348,0.5641205676973894,1.037249357517409,1.0729766223178612,0.6834263599699109
106,201,1,0,1,0.25482396672225816,0.6033651100886523,0.7769204440963648,0.6798943121719249,1.2833106706085151,0.7106977085562248,0.5186939655315468,0.9027588645207144,0.4946870259716679,0.4163918991239536,0.4356459894593445,0.24850178798147504
109,132,1,0,1,0.30860167150345225,0.5613155496537645,0.5104720504199726,0.6761851023021772,0.9027184983780148,0.558608043848211,0.9893209144642756,0.9413838003271066,0.9995467013963035,0.7406700395161953,0.7705355472924356,0.49184233611016825
109,133,1,0,1,0.727910690999179,0.7944045965987482,0.5477572927491834,0.6324755827320356,0.6453742797897977,0.1665641136032993,0.49445385532681796,0.5400637176013423,0.9249280048494952,0.7900300960440959,1.2043732537567784,0.9750868245201361
112,149,1,0,1,0.6508942281066775,0.6467809729409864,0.2503366511593503,0.7238741177480309,0.62275809971626,0.5348055746792937,0.6745129085365829,0.8992302277096083,0.5737016110294217,1.2652913223465991,0.9268766610350772,0.7035329064333665
114,165,1,0,1,0.4961049576402949,0.7081808123494177,0.696558830426949,0.9843987434992587,0.9439987798203346,0.9435223151233315,0.7177300664417579,0.777149725732988,0.5454319910174446,0.4986320163447657,0.5692309031228372,0.3024620576805529
117,94,1,0,1,0.2910493188776684,0.48644795789607076,0.4401081899358169,0.3221972868930055,1.1002860873257636,0.5126071137081166,0.8395046769138971,0.7986779170331713,0.6886347613818307,0.8549500252588306,0.8881845926842384,0.3060323076341024
117,182,1,0,1,0.6296552090539818,1.0096816946702138,0.3830514502395247,0.9483523960837287,1.0396544515173234,0.6820348833807879,0.3834133430647663,1.0014896710928374,0.6459545896261669,0.36504459307702886,0.7899471409478765,0.3591243585104512
118,182,1,0,1,0.5875950307085305,0.6031057517788186,0.15734895805964816,0.4727944496093767,0.6294617676565639,0.6386107644609289,0.4004209664079192,1.4467591845052827,0.9617995309097205,1.0064969889343673,1.0603353994221696,0.3750545600367592
119,111,1,0,1,0.6899393014602853,0.8983986682808421,0.5973226261735847,1.1241202648696347,1.4693330775787279,0.38568845582138384,0.6376767965992073,0.650742418700173,0.1784653747212792,0.5827355586129219,1.0018972553489067,0.37722714143318314
120,111,1,0,1,0.6457002811511352,0.6486400157997905,0.1784653747212792,0.5967018999162506,0.9915834429091266,0.36930658640216396,0.682212407610185,0.899314947415314,0.5906089677087402,1.3006591688283806,1.2988982640021776,0.3939603544325704
120,198,1,0,1,0.1275636298493702,0.10571916967556946,0.6353692379448082,0.6730002182327743,1.2698319736098886,0.8524071639830847,1.6205577338261146,1.316970965856768,0.6507295970074745,0.596165459510745,0.09244058991820778,0.0
120,199,1,0,1,0.42733584655974594,0.3827947449522475,0.7481355965306837,0.6859438552434636,1.0141584374398187,0.441198198558209,0.9227484231706498,1.0512622416301098,0.6632632085861669,0.7027123396169109,0.37185386084308486,0.1274689356394337
122,128,1,0,1,0.5801814031243375,0.8565011680025633,0.9767854147825635,1.3432501726883823,1.0806494358872503,0.3926965493838904,0.6518607778767246,0.6559906779678154,0.23406153811658814,0.5286340011269689,0.6972501972917974,0.6861155329779054
123,127,1,0,1,0.14270221307911013,0.4055477483502578,0.47523441478581596,0.6423976523593516,1.0780137831614083,0.8269776866985319,1.388927030035068,1.167031593244248,0.6814469864943661,0.9759520916670523,0.6755203901829059,0.2948948755764853
123,128,1,0,1,0.5399794934906524,0.6222693080234861,0.525529138891054,0.6362588369907877,0.805969930542877,0.3760170156921578,0.6972867513652079,0.9059702781442388,0.64181154317556,1.0552005794301693,1.1452424725859474,0.7325021296642857
125,145,1,0,1,0.6606964952065555,0.8947649430158636,0.6336452641030296,1.2118236222821053,1.0804663754578825,0.5943305151412768,0.6602582686216699,0.6639817766540997,0.1779889179545888,0.5897446227552248,0.854116966663407,0.4730777520931997
126,145,1,0,1,0.6175908332532254,0.641288878111484,0.22875096308327628,0.532266759916307,0.8050149177540745,0.5527924911261282,0.7056224142610955,0.9191807861430074,0.6034675756469143,1.2827856283488057,1.1422541821448955,0.4940627500468768
129,162,1,0,1,0.328518141959415,0.7621522644988099,0.34096538482072625,0.6180253955239137,0.7020738430576403,0.7183894554640889,0.7469553353902387,1.1048748432023483,1.1066289028787413,0.7763343770613769,0.8902751813781199,0.46810689927078397
131,179,1,0,1,0.33762514521706166,1.0196368792059767,0.7647464131135994,1.0568796130659017,1.2090679690590138,0.7720273624697149,0.7316895166809305,0.9654859516159553,0.332320683454304,0.3165505723362081,0.6928347383647033,0.3077686868603208
131,180,1,0,1,0.7979359022176112,1.5009694083571117,0.8147074294893104,0.9768836441737724,0.7628824330849687,0.31464422266687336,0.2980110281387185,0.7069136507262361,0.3182055758863049,0.33059226650448925,0.94790488531528,0.7365793827169829
132,179,1,0,1,0.3232847340429391,0.7580141606214938,0.32839353775698654,0.5323490551475509,0.775864135617127,0.7234847661467008,0.7805960630574178,1.447464651524377,0.7986487403002034,0.7517633032686842,0.9487884820119026,0.3214208301610637
135,197,1,0,1,0.25725183018921166,0.4828982423792653,0.4776310942255444,0.536533360781047,0.7809225801020577,0.6960039333036567,1.0264623417431835,1.1258702584041353,0.755112402126093,0.8543759786111291,0.6612153283921358,0.25726656407417103
170,111,1,0,1,0.0,0.0,1.9568450765675127,4.247443264278381,3.7138538650467305,3.9157404639202875,0.0,0.0,0.0,0.0,0.0,0.0
182,176,1,0,1,3.1766084942355968,7.9875408406419,4.10159217598549,0.0,0.0,0.0,0.0,0.0,0.0,0.0,0.0,0.0
182,177,1,0,1,4.818481597795503,9.007583144377241,2.615363073314426,0.0,0.0,0.0,0.0,0.0,0.0,0.0,0.0,0.0
67,114,2,0,1,0.26528273658900375,0.13013783792939443,0.2044405500227762,0.25905847883141436,0.2882733849482335,0.887045969797168,0.7776628181881377,0.5135570175072137,0.4818168174519992,0.49695310674430515,0.606420941285372,0.25395921110947206
69,129,2,0,1,0.5651001656221062,0.25010370092623646,0.1574472514584774,0.26883456964323704,0.8023681097683717,0.41328532846596927,0.5273059794345605,0.5621823644146653,0.3302167670395143,0.4161881287404511,0.6136106874835943,0.41652652612418406
70,129,2,0,1,0.4635329769658566,0.16259044854660504,0.07392541181517968,0.1619279126800312,0.5271278598782498,0.32261453262249223,0.5491541645685684,0.7899593882101899,0.5033232520396599,0.7590213649639006,0.9370684450265491,0.4239063024102508
72,144,2,0,1,0.4061575798905671,0.29572873843718744,0.23530851134880404,0.3098487089956522,0.4603862033992552,0.4697878668125854,0.5038977965985769,0.7422308601944592,0.26098741747057863,0.6956329056093287,0.8057236357620561,0.4936969888057183
74,159,2,0,1,0.47249865417602843,0.4031911503157091,0.18014118604478302,0.3794484978928691,0.4887627660229765,0.7128866592929968,0.5287712552053743,0.595888076125966,0.31903096168818174,0.4151955050167898,0.5939424726325169,0.4196357232565807
75,159,2,0,1,0.375278910671469,0.2863970020019142,0.0866332138203762,0.16935207027409926,0.33326695943852735,0.5692753938114496,0.5523420489156383,0.8568972166096956,0.4819722228165666,0.885714785477744,0.7924831139180621,0.42617736612255397
77,174,2,0,1,0.437323992967997,0.29281784537548533,0.17746778734683416,0.2562475743352978,0.5723969427485984,0.4764196511473474,0.543107274556508,0.755108426797495,0.5624389571188062,0.41240421217981793,0.7833703585051428,0.48185320733619946
78,109,2,0,1,0.3199236018996686,0.31338901248005635,0.33394384002533933,0.616273016253532,0.9254625035987316,0.9521431622407215,0.7790149955412037,0.7974384982346976,0.306631151870709,0.6551912400817356,0.34974465556605794,0.11735810749299766
78,110,2,0,1,0.6635392102364955,0.5709769377117897,0.3699563315566916,0.6151456413529075,0.6546433341005178,0.7041141180749753,0.3006717821598711,0.6069353177940026,0.2936071906553979,0.7101481015145371,0.6649911807281663,0.28616924185833437
79,189,2,0,1,0.49853728414546206,0.2909416446284572,0.3776712758445522,0.3326640683163587,0.6153034978676434,0.6503764956301153,0.8520122561402369,0.7127591497272769,0.2603444339823939,0.38784961737397816,0.4401475253989689,0.2541326380108596
81,125,2,0,1,0.45110908056694404,0.5086259300411129,0.36272321963084797,0.6649375600721865,0.7027683681661184,0.3306965137949077,0.5982938578974035,0.7499105666252118,0.7298508038129489,0.8513045588198913,0.8362248338555553,0.6011260245772314
82,204,2,0,1,0.17619896232502713,0.24906221912310267,0.17331678019156094,0.24408598467950265,0.4860099739346828,0.9045958063095036,0.9166183514120849,1.0792113302612378,0.40582252013651254,0.5320218594560489,0.41790610079320223,0.18281629355461176
82,205,2,0,1,0.5104460959800852,0.3000349967244906,0.18826464617305158,0.24593842110157743,0.4288514532471142,0.47164594646804425,0.5203041182550496,0.7687680068249146,0.398430163950931,0.5770498347722706,0.7157749340394899,0.4845171844135113
83,140,2,0,1,0.4968200294403673,0.5315574527896907,0.5877316515362517,0.6629186748132265,1.1396226536521434,0.7357210917701859,0.6440121348225738,0.6814889083573346,0.48196910392875303,0.455752875939328,0.5289006431575747,0.2734608830108
83,141,2,0,1,0.9173213023203122,0.856003984732411,0.6261431848100067,0.622370101677132,0.7364693180558356,0.3376752677572682,0.2724820766757784,0.4858833187545714,0.44856871866859127,0.4905044714892963,0.7448696872366943,0.652284763967627
84,140,2,0,1,0.4639872077263466,0.36280752630385227,0.264659899559066,0.287044693406728,0.7438832268293013,0.6916797733034429,0.6874974110369807,1.0145405857359842,0.9016587849904756,0.8719668381576838,0.725383449701465,0.28559118515458337
84,141,2,0,1,0.8509767223574936,0.5316170427412131,0.27639980367861805,0.2748526544335762,0.529218260506205,0.3233327276604459,0.2845689604832595,0.6586982456207728,0.8354325309809074,0.9426019719983595,1.1289058616385983,0.6955334450132747
86,156,2,0,1,0.7759689014282931,0.6960885053535316,0.3104341466511462,0.7868332033408829,0.8859800481160589,0.16120511980436944,0.5862636642748887,0.8832773563355497,0.45114267996677015,0.697097684351015,0.7549685954926422,0.3327903643858896
89,171,2,0,1,0.2830147699928809,0.5923922870770029,0.2860036042141969,0.3074975809788182,0.8419337604146437,0.6532622225516237,0.6898617415438831,1.0474557555106836,0.8831108261126412,0.6791055150972402,0.8579983455964315,0.29525483708199807
90,105,2,0,1,0.2967117280299267,0.5083076048618878,0.42916578821147977,0.8146962268577209,0.9406596451748834,0.6122221274674545,0.31684605756240525,0.8564124658165293,0.15968985737527902,0.7563947054729521,0.8580199451171968,0.5307333091638887
91,187,2,0,1,0.4012300489772488,0.86709419996637,0.3345242308570415,0.6160248428283617,1.1081204842259662,0.28094291711789904,0.73364130632447,0.7570958939468192,0.8012073851946846,0.4936121073390124,0.732169000579509,0.32620905002081824
93,120,2,0,1,0.14807881269967876,0.5540001617723844,0.5710754008149644,0.357513370537031,1.1733193173664445,0.5251865428945642,1.1576648684626603,0.8528053787875087,0.7074444762124731,0.8727953747109477,0.6730545626069909,0.2819536911105889
93,121,2,0,1,0.5144555588828307,0.7669313855610178,0.6094550626933127,0.3423282197673769,0.9118031006510358,0.15977724694258724,0.5483489873060093,0.6282484292819254,0.6639281012691757,0.9455583897929843,1.1074583263289126,0.709747896116724
94,203,2,0,1,0.421941127837782,0.47016546407824766,0.29145172556180665,0.5162031687360309,0.585130396739178,0.5895976479687863,0.641758596145271,1.0079547545631813,0.856569341048684,0.6194320955194712,0.5817766632716075,0.5310733797981139
96,136,2,0,1,0.28213362714965096,0.4066522491479699,0.5401855164634812,0.517507647503856,1.0884878525528863,0.379334876972224,0.9298057513199615,1.1081497969726106,0.7307586479668925,1.03504098344216,0.5632196943224208,0.2758497877253233
98,152,2,0,1,0.2880108397900485,0.6447928389011363,0.8168477109209884,0.9574524345027595,0.9182253262855693,0.9551739762344126,0.6998775458262535,0.8920205843679143,0.3284367207579127,0.4598389368043352,0.5151539024969368,0.2755552470449719
98,153,2,0,1,0.6947247366514584,1.0071936601393938,0.8825976832199885,0.8855692837268669,0.5509792381542818,0.4979878620012551,0.3064965801940289,0.661266685004169,0.31448658201063157,0.49466126589141834,0.7345167645053121,0.6594863972377377
99,152,2,0,1,0.2757777643698564,0.47363276583784186,0.4299877497909795,0.5042235947740468,0.5509792381542818,0.8833731658915431,0.7465300943635237,1.301618394039486,0.7351968883157076,0.8992641037948024,0.7220328124067502,0.2877784519405268
99,153,2,0,1,0.6513920345465538,0.6751555418097052,0.46256391198812724,0.46900632656177305,0.36862758398264583,0.46297734184222716,0.3200922948090624,0.8885052112638692,0.6910636463450465,0.972289273760192,1.1361935839972495,0.7038317320258127
101,168,2,0,1,0.3660756556890843,0.5975241202265476,0.6236822108529682,0.6831708408045374,1.0336669435198669,0.5970921400491946,0.8007187144858554,1.1345689168094721,0.5435120833023758,0.6440624527003634,0.6054778673036411,0.28583468277364454
103,99,2,0,1,0.23339285538587737,0.3766443265639119,0.4079541082999622,0.7553723632049308,1.405098471591732,1.084739974975782,0.7503889445588383,0.9479474004738923,0.3559306740964777,0.7806644345643992,0.4076159285008329,0.29196999211702257
103,100,2,0,1,0.44672664547808066,0.7190003816434836,0.45466765324230807,0.7542654373076509,1.0012760791472768,0.6133108307367179,0.3478523726864294,0.7140700916681246,0.34081274734151223,0.8473291454933138,0.7733662600979186,0.7009173164439687
104,184,2,0,1,0.14904972902147087,0.5630377951999332,0.5584996843202708,0.5322402317332189,0.7767786450476127,0.7192234623950116,1.0701700955416074,1.216432003225558,0.5726461107668351,0.9955713028701737,0.315318712373584,0.46371430891418236
104,185,2,0,1,0.35991081666121083,0.9581404971450427,0.5969621662714819,0.4958811412379278,0.562307582792757,0.33746232604596194,0.5830672086342787,0.8138205501674406,0.5336580619911924,1.098178045419312,0.6586546948240565,0.9213017936376791
106,116,2,0,1,0.374283258086867,0.8020281710826846,0.3764524846175373,0.8934528164937305,0.8778596112084561,0.3655360379872946,0.6604278161708881,0.86722975402964,0.5857683959383753,1.0385790031798539,1.1095112824336422,0.6829112635914472
106,201,2,0,1,0.2805583775275746,0.8055255492343736,0.6348677611179278,0.9363146651304481,1.0692759748573153,0.7042266368946224,0.6768860562578936,0.6529086590002361,0.5567820203725582,0.4294459135345468,0.46031771950663786,0.2696664478327635
107,201,2,0,1,0.26864184065499214,0.6026041237122133,0.28140536437780533,0.47807151032398953,0.6805088708264377,0.6593709005402868,0.7218914322287232,1.04600544950028,0.9986518461644384,0.8226089897985511,0.640319889729942,0.28162843469624854
109,132,2,0,1,0.309913820017398,0.5627135388165777,0.5137179728621718,0.5843327672644133,0.8275335120890688,0.7552680728162833,0.9931447709080601,0.9583218784856318,1.0318069580684353,0.7749201247898141,0.9540116154749269,0.3212448305443564
112,149,2,0,1,0.48526461575678936,0.8043117147651103,0.2566035562071369,0.7037977214109449,0.6230795059706268,0.5337597965958908,0.6921048746842643,0.9167864876511683,0.5952132658383038,1.2446505596229607,0.9108883020186405,0.6906032596943485
114,165,2,0,1,0.3183917841628603,0.9263393964606905,0.7165801651756054,1.017341439218306,1.1832893188140585,0.760980464319367,0.7249570364424044,0.7582511081128496,0.5298943185977645,0.32125577305503755,0.7286590001491782,0.29672982681294174
116,94,2,0,1,0.3023957016521586,0.6713530387761186,0.8785594516703542,1.0259330688224553,1.4073974367957451,0.5591550994357349,0.8041684008434276,0.47611616437095255,0.45425975500429316,0.2998494292613232,0.6915907684429256,0.2998556641607111
117,182,2,0,1,0.622696447187196,1.0003815097003599,0.386366565851446,0.9567398889634864,1.0473549980561871,0.6892358147798945,0.37361695695398356,0.8213217936800254,0.8548497739237384,0.376045269180065,0.7680905358064357,0.36182121793862876
119,111,2,0,1,0.5813679497264066,0.848868689808148,1.053370821807925,1.30614673521567,0.9826682099291766,0.5505734756869773,0.6501665178078716,0.6578604028403285,0.19008067782775187,0.6020673722570037,1.0051061665677976,0.3757298628024398
120,111,2,0,1,0.5411759407344063,0.6171161946055648,0.5906488231385496,0.5897780588138596,0.7078648496540851,0.5271882209606418,0.6946607799171042,0.9187934569166306,0.6094061275764298,1.3415488639831374,1.3133572213318698,0.3923966588357718
120,199,2,0,1,0.4570801693869355,0.5733937834265781,0.6259250035797691,0.6920899797665494,1.0245135706986481,0.6929324004392325,0.6317500991601276,1.1637685123246515,0.5423992489848926,0.5715824064771707,0.5451258119223846,0.13657090456629242
123,128,2,0,1,0.6646858197009841,0.6704073293162804,0.38617606003235017,0.4372883302079038,1.0339572040449634,0.37951824222933606,0.711681117723592,0.7547829105760941,1.1192662779182971,0.8458324233314108,1.1562040742619455,0.740135648346822
125,145,2,0,1,0.4921935620076384,1.0746684851069968,0.6033062959073985,1.1595486957721248,1.3580100113035232,0.5273092422726224,0.6799155725252496,0.6838211918383719,0.25540824410953733,0.6983143215166684,0.6427570305365208,0.5349208145512292
126,144,2,0,1,0.24277073974336294,0.42373586913440636,0.16727666831880506,0.605989303712166,1.1615333441816886,0.974523923899023,1.277755873150436,1.5929148623768696,0.524726647481189,1.1515398565852748,0.6162570953362162,0.15299774096391514
126,145,2,0,1,0.4712879566152802,0.8041431564920432,0.19053910926252066,0.6151969706880884,0.8850114043395537,0.504912120917094,0.7268680488112198,1.1328858061239249,0.5088510539358795,1.2546807355738854,1.0761297768421332,0.5746509804395565
128,162,2,0,1,0.35095508486683114,1.0060832164236346,0.7803059272980684,1.3261638067624024,0.9836732249374223,0.765436678709017,0.7310054054225473,0.7696307205100112,0.5312683408258904,0.3455781167683777,0.7488591166373455,0.3520916323760266
131,179,2,0,1,0.33864221148784657,0.995140856178634,0.7839061040843883,1.141445344369635,1.1242217176912623,0.8015170850239952,0.9580374119972889,0.6008560923454747,0.5309995559157066,0.3316791855817448,0.7105818377388569,0.33272412812324903
131,180,2,0,1,0.8083758683012057,1.4837868205612417,0.8357058917271356,1.0592060088756114,0.6763754775336636,0.3445263925293899,0.48566971091727434,0.3966103050357126,0.4933469169639137,0.34639196165272557,0.9698487179014659,0.7620721120092707
132,179,2,0,1,0.3242586010771712,0.7317602698198153,0.348438898746805,0.6171037451296801,0.6889536384396961,0.752069819657336,1.0360248775540866,1.0162209979292873,1.0540073359257989,0.772765207432304,0.9698487179014659,0.34748325623043974
135,197,2,0,1,0.1471331160901279,0.5546595479390635,0.5578600864219909,0.6235210602491074,0.7016103882382205,0.7159235964395586,0.8299632098412619,1.359464838912234,0.7662431316644166,0.8819380008679919,0.5186484733945569,0.4537966219460241
170,111,2,0,1,0.0,0.0,1.6903299989489349,3.9569516640928537,3.806654525258291,3.914867536793782,0.0,0.0,0.0,0.0,0.0,0.0
39,55,0,1,0,0.3535528171081148,0.1271809509031857,0.1553853147854006,0.06947513307442629,0.0,0.0,0.08224779184685559,0.0,0.5192964732496581,0.32805317054456373,0.747706234092743,0.6351215544784138
40,62,0,1,0,0.5705176929998835,0.0,0.14369978627774155,0.0778269883129696,0.9293843840607282,0.8181902896946851,0.5908983710202615,0.30262446501595797,0.15513793965205241,0.0,0.5906894565448205,0.2279664171170379
40,63,0,1,0,0.9109042066233453,0.0,0.15673114126383633,0.08488469618070948,0.6937194521001758,0.34470358594970396,0.18568396810175283,0.2536776516732935,0.14223905084721655,0.0,0.8341661874218436,0.8412322345604926
42,70,0,1,0,0.4611243618447295,0.10128837884500895,0.0,0.2767736766740959,0.30244881178297517,0.42032715199817916,0.753402962758074,0.329248689107486,0.06821517419743088,0.33754137517511473,0.8745446087097041,0.4405588612578072
43,78,0,1,0,0.5399790194232028,0.09773170584359064,0.0,0.2935279669386415,0.5296387048539948,0.19422177763856346,0.7660735806459354,0.37365249191489197,0.032669143448619486,0.34917889795663004,0.8699441505755072,0.47121006333389426
44,86,0,1,0,0.6845759757570071,0.0,0.15535123641898907,0.09106381678979451,0.5224011428190513,0.594811515301233,0.3376281402765011,0.1868254665435696,0.135264784732322,0.35460550392020773,0.6461650473551063,0.7104872024226243
45,53,0,1,0,0.562449094477234,0.142394361867589,0.11570466527565258,0.2476829261398405,0.0,0.0,0.17024604229030144,0.153334115444055,0.4491474357092269,0.204538883578334,1.0150798413570532,0.694061635990608
45,94,0,1,0,1.1621477606476671,0.11550286434037454,0.24926417741822846,0.0,0.7406746613610433,0.3900360341059227,0.3968525465889363,0.30794537197639915,0.0,0.19710825671369409,0.5359796639435345,0.5013228457360495
46,60,0,1,0,0.6993675988508085,0.16933450266745761,0.0,0.33851956020957225,1.192263489233203,0.5477378247011013,0.6968136342341771,0.184254956563386,0.14874251149928192,0.1958877604170219,0.6834695379374102,0.24369584620160425
46,93,0,1,0,0.3141924283313253,0.09709445018766319,0.1089594283211864,0.0,0.38519786620610075,0.5742217251798863,1.5609444898871387,0.39853758243733184,0.09783499314849031,0.23447857412618878,0.7000280466016191,0.24383458526205976
46,94,0,1,0,0.782928216640639,0.10589941977286238,0.11884036848341449,0.0,0.3219921760173718,0.35760662679849553,0.5933396232929189,0.3654013169181627,0.08970053744619971,0.25574216550109813,1.1979427056118166,0.5467850982184501
47,60,0,1,0,0.5287760062822009,0.13051124579657802,0.0,0.19861662284628515,0.5206267508439097,0.6223630906440146,0.7950903015673487,0.3238357531425322,0.1622311639119172,0.41791994203959276,1.238437446572729,0.2657953020376201
47,102,0,1,0,0.7046451061528269,0.10931775053726973,0.11105106556363113,0.0,0.2005764993479679,0.6284219927218033,0.8759755022134995,0.33742164297900645,0.0,0.3227385363746992,0.6045986022781394,0.9658320390527474
48,68,0,1,0,0.3386499093169363,0.17035580301446096,0.1165868765049399,0.1868935318646846,0.5335826463178207,0.455990053435091,0.8749642452089257,0.48482916454799757,0.23065661846441343,0.17413945701968953,0.9695055423052636,0.48526889174345655
49,76,0,1,0,0.47061506879983167,0.14557693125727678,0.11457125996898455,0.0,1.02046553745914,0.8061843231633279,0.651875366390512,0.17250087987456186,0.15024287740669495,0.1762989843753197,0.9056108629668913,0.23542778813979257
51,50,0,1,0,1.0062089428710774,0.33648125254554584,0.5808545286358956,0.15771199519223064,0.0,0.12137385626801805,0.026321626903649746,0.4202336507173877,0.18229942275749966,0.33647640793203476,0.67477891396538,0.20740667526857587
51,84,0,1,0,0.5857087681227151,0.14888698124131838,0.0,0.19413872754118025,0.3326552956575759,0.645376336848579,0.8947365447014382,0.41150561496971383,0.36439017122052175,0.15792976142189846,1.160431680946203,0.2695582930574248
52,50,0,1,0,0.6426849417318055,0.16332260343115446,0.243546980546819,0.1215534261793275,0.0,0.11128227016518183,0.024133124598191533,0.5574212155677387,0.3768327375068309,0.6408367016843476,1.2133614571869864,0.2262152628240686
52,92,0,1,0,0.3611653953962476,0.1706212237981294,0.1192088417445318,0.19724340123194622,0.5890304036513921,0.8435346873236002,0.7216439556737932,0.599352345818392,0.35916161783871214,0.0,0.8838211410383215,0.4114655781500013
53,58,0,1,0,0.41285890067989695,0.41291238345859427,0.19913596765701935,0.21961669033948833,0.7938319051425187,0.2826612402072671,0.9566267131376625,0.2938611295771536,0.19573826077305675,0.5478383070321855,1.2125009333047947,0.5821061030342646
53,101,0,1,0,0.9991946713055263,0.16859674378534428,0.17618812081289037,0.13851356374232196,0.6765099968666777,0.7970010708482191,0.482718589717558,0.4403016923130806,0.0,0.3308424689871221,0.2634314290793827,1.2458305663240727
54,66,0,1,0,0.8823462393075361,0.22405057197734649,0.1556539766259392,0.4900885771198581,1.0829175560558781,0.5981294126739322,0.7702409453748544,0.22440112745293778,0.20656631261991726,0.5256276133294963,0.47936684847921246,0.2802417504631328
56,74,0,1,0,0.244686558386898,0.33095786497262647,0.19500446902129734,0.2394678353400617,0.6621882235182085,0.5773413012755928,1.2332268812195217,0.5434296183819771,0.49981614541109487,0.5393930422800335,0.4897266908275512,0.42264805998234867
57,83,0,1,0,1.4004609912227841,0.1706469605460111,0.20656631261991726,0.20244367971885743,0.93798965807498,0.4225531193021771,0.23426635662753303,0.39577856284391616,0.19573826077305675,0.4615930254957068,0.80211509129348,0.2610396545278226
58,47,0,1,0,0.8098727856894543,0.4277871458779034,0.7426690017681705,0.2370991178511735,0.0,0.13462144839102694,0.047536147393365806,0.3311836492142963,0.488394623880653,0.4854808492952948,0.4372361472687644,0.23584828954968767
59,91,0,1,0,0.45766989507628075,0.4288070706824779,0.0,0.31727494895051483,0.47052849374470546,0.5545576836476741,1.0613406148411897,0.528557073794332,0.12440039203380318,0.49629163622682315,1.0781477694593016,0.5976129491119642
60,55,0,1,0,0.2612626700785616,0.3951417888819324,0.2265668089532824,0.3096569087411476,0.7457206887603605,0.6679306354163235,0.9586022086411123,0.9688289739882638,0.60177438155788,0.6193474128700993,0.5487887813831919,0.48480259971524353
60,100,0,1,0,1.1789831786339724,0.1809922463999892,0.1720140414801977,0.17777406348270317,0.7674726351594268,0.3168424967363016,1.086340963457159,0.5167957080704655,0.0,0.3967810786474464,0.6275198338200425,1.0970098335017882
61,64,0,1,0,1.0514907479204563,0.5177195597683402,0.0,0.601201042943342,1.1857722359439273,0.5814629958291715,0.29078624165954803,0.7710093159286844,0.0,0.47110959456861545,0.8699415909872923,0.3157234840428272
63,72,0,1,0,0.2620844681869834,0.3776244143966874,0.2007997342521712,0.28763575440102473,0.7720064512077572,0.6004331218416012,1.174033823450865,0.7764029816157765,0.6382350150040974,0.5928635367230461,0.7032029987859552,0.3112533986594433
64,81,0,1,0,0.982484348637566,0.47904443415810105,0.0,0.5663339768801362,1.130038316082325,0.5978792276080467,0.3076745878569399,0.809425730540445,0.4710399322577909,0.0,0.8101499364311491,0.30658056547180024
66,90,0,1,0,0.7827605511017866,0.24144260394184375,0.4128533902584194,0.0,0.736622810503143,0.3002909133516561,0.5109454861358425,0.766735091369441,0.24611054650028935,0.5984473465616167,1.2205505527063636,0.6295867607615613
67,99,0,1,0,0.9424560673516038,0.5113507266754609,0.07744723292155507,0.4524032501859854,0.8441566873528834,0.9468004584858278,0.3228514497056617,0.5301452399728531,0.2759728379725528,0.5731113681453188,1.0969225669955376,0.8716539373686171
68,99,0,1,0,0.6039323770119118,0.23420897824810502,0.07100791029075368,0.19917931524927593,0.24556383598465684,0.8199389494766298,0.3521290983220499,0.8348543066666475,0.6193293101031899,1.0148977908662649,1.9714514082941959,0.8760435217484042
85,56,0,1,0,0.0,0.0,3.2975481584602915,8.688296599543127,5.796029930049517,2.0701434008436195,0.0,0.0,0.0,0.0,0.0,0.0
86,56,0,1,0,0.0,0.0,1.5539819528455066,6.375120199602196,5.490281271887565,4.197942927354286,0.0,0.0,0.0,0.0,0.0,0.0
92,88,0,1,0,8.4222049103805,9.897216039228532,2.4059112753072553,0.0,0.0,0.0,0.0,0.0,0.0,0.0,0.0,0.10174642492688718
39,55,1,1,0,0.31963143483155043,0.1253641342669648,0.214782307939914,0.06274435393424137,0.0,0.0,0.10799664157999579,0.31382279741116853,0.17116986831590913,0.33938674644541444,0.7729474536661325,0.7097116166202995
40,63,1,1,0,0.9066761070607744,0.0,0.15419188263149686,0.11333122264069091,0.7797649893133388,0.3421442908490777,0.3407360348286121,0.14557693125727678,0.14182900283560723,0.0,0.8632247182619583,0.887375044505858
42,70,1,1,0,0.5205154776406242,0.13231806966615708,0.0,0.0,0.6203324303429456,0.603736135245825,0.6516817124099406,0.41962978087411973,0.0,0.3364515955317129,1.085785420187104,0.24470729594476878
43,78,1,1,0,0.5515310378817223,0.11708535909221304,0.0,0.25581656450326745,0.56991745651639,0.2151255728221235,0.8101681341694837,0.3631949161028637,0.028103059814069947,0.3568607283338097,0.6729802212707303,0.6959486276916299
44,86,1,1,0,0.6091174280097296,0.2021617309969143,0.15042191565580684,0.09193749030091176,0.5401839343663021,0.6298415446413209,0.36766780189016224,0.33437859754771593,0.0,0.19273360368651773,0.6018761607065037,1.070252884440681
45,53,1,1,0,0.5158864127953715,0.18889902837353523,0.3053072617486854,0.2946123324110331,0.07805690606147536,0.0,0.1797192471423481,0.2843895307415281,0.3232027384630074,0.4604479947850984,0.8254057485021141,0.5671909041387464
46,60,1,1,0,0.7086296396839948,0.19391684534278428,0.0,0.36040188495205516,1.2356153533280045,0.5804060032442157,0.6734876921164905,0.3577658765481427,0.1972163797370278,0.0,0.7169236152575529,0.2624090522761412
46,94,1,1,0,0.7988733561863142,0.10589941977286238,0.14666167190988952,0.0,0.33335891768576864,0.3963035032320436,0.3719367561598728,0.3861010220484569,0.3009032786695427,0.25196051433163547,1.25596885528934,0.5399404899877005
47,60,1,1,0,0.5400561620977841,0.149457604138302,0.0,0.21778905781316416,0.5372483444899044,0.6565801045957428,0.8596263645913301,0.42918593621185386,0.25588245194362924,0.16376133458472303,1.3345431963821905,0.28620550737431255
47,102,1,1,0,0.7682521272218648,0.0,0.09251512957889813,0.11426786024326277,0.5676833253305591,0.22458073619235713,0.8284705774914748,0.3665904870007991,0.0,0.35542892563631545,0.7907220322639164,0.7654140153869886
48,68,1,1,0,0.35006669136324087,0.19188378999773417,0.1379864189862764,0.19273360368651773,0.5742764918286628,0.5106635448286027,0.9454198828902083,0.5525647310205529,0.23015040766765293,0.1745368617217672,1.019090668669509,0.49544732554297044
49,76,1,1,0,0.49802464950842307,0.16704760842778937,0.11176048137411754,0.21474355261343078,0.9581061352597233,0.7583746387219963,0.6925314298132541,0.1706469605460111,0.18219625089544955,0.20244367971885743,0.656595724321328,0.4994875759195152
50,84,1,1,0,0.5865742669483738,0.3992381109274201,0.07239937379457459,0.24648871957463084,1.1938104990218312,0.5494652176482967,0.7108034256021221,0.3564782666763847,0.20011361991882368,0.0,0.6673733374829554,0.27467107204466806
51,84,1,1,0,0.39701805261669343,0.33573054348038756,0.0,0.18997634480708062,0.5443024197926714,0.5037801275893058,0.9656769701561901,0.5792649069577649,0.25964153586239946,0.15513793965205241,1.205936512669402,0.2995795032743929
52,50,1,1,0,0.5817639371429464,0.20867980458503477,0.29016507766473726,0.1528952228862137,0.0,0.22921767464182302,0.0,0.6214307727516396,0.3530845860057782,0.8996906661353564,0.7130263639951956,0.4963239499694879
52,92,1,1,0,0.3882300683102204,0.3365251249399954,0.0,0.20003370765477108,0.5754313556885826,0.5160980349188697,1.3823839142976597,0.1901186946412077,0.21806025162530338,0.4102478163814396,0.49853188584245406,0.7317901451587112
53,58,1,1,0,0.4551566069150407,0.4775067391236957,0.0,0.48644434650604546,0.799759732540507,0.2893034167823392,0.9827676947944131,0.27511845671812996,0.22655408778304612,0.5733381446453855,1.1916596313769063,0.6320914044097281
53,101,1,1,0,1.0784104046830438,0.16438892119985837,0.0,0.3132438148589672,0.5071008322669646,1.059438658837902,0.5150290846033304,0.4507709122246465,0.0,0.3555769418739244,0.27825237466719216,1.2174476361273454
54,66,1,1,0,0.8852337272084316,0.2587015986820162,0.1723709748332631,0.5420510943082286,1.2015515775387933,0.6179315534970455,0.762639407616287,0.22233527339596929,0.41791996892644556,0.0,0.7821581025863913,0.2759728379725528
56,74,1,1,0,0.2726410517942187,0.3650426423884373,0.2113437738638568,0.2585792636349346,0.7240845406525984,0.5409393920589409,1.2620008835611585,0.5150662835433409,0.5298537840181375,0.5843277247325809,0.5281877681461136,0.49589067275814874
57,83,1,1,0,1.103000169183575,0.5476555665715882,0.22972120419430594,0.19915255642397225,0.9842933446693027,0.477829109831388,0.4762911083075637,0.23675123372154483,0.2262502088909127,0.5156176122146061,0.8667873571555592,0.2759728379725528
58,47,1,1,0,0.792195374138087,0.3894717319523271,0.23517062046691972,0.8773835053436442,0.0757755130838825,0.16213336048354943,0.09029979579021356,0.4798248590308071,0.36204568611349575,0.2391337717010082,0.6708300097743016,0.23584828954968767
59,91,1,1,0,0.7479174873495711,0.2287511575345754,0.0,0.33723648111907834,0.4754777676812303,0.5530914994793171,1.028736588416402,0.502507153529193,0.0,0.6701161558403455,1.159955714042741,0.585556606206689
60,55,1,1,0,0.2612626700785616,0.4093829798736555,0.22579431856791715,0.30669973986582805,0.7576348556959726,0.6669335990672304,0.975787127306892,0.9860983298878669,0.6203985093193234,0.6355157469964201,0.5602014525549743,0.48480259971524353
60,56,1,1,0,0.8563308870124404,0.49002302214647875,0.24627038186153158,0.2811992990976045,0.46252684127257654,0.2893034167823392,0.27802570348202904,0.6423906394203939,0.5688156959575887,0.6931472265753591,0.9193429708860172,1.198044693503092
60,100,1,1,0,0.9330552045865443,0.1954634116871813,0.20070664187504678,0.20045953827539964,0.798803083738693,0.3253396377757821,0.8977491055630411,0.7552308436978474,0.0,0.4247088561048117,0.6302654044106197,1.3692166468506577
61,64,1,1,0,1.1123001104052064,0.32690707925666723,0.5114114469459227,0.6605341718091009,0.9108072489970213,0.6146224570734456,0.31050100663533015,0.5002051709873009,0.2919394581525664,0.5199991494079226,0.8748909167587053,0.3118399688022453
63,72,1,1,0,0.27355970054044554,0.3821365630741521,0.2294551292510457,0.28909579684637327,0.7650444646228098,0.6697945830544967,0.9806191177146939,0.992856648487257,0.6309120239907826,0.6121128449592103,0.52632540644093,0.43351175712491996
63,73,1,1,0,0.8525839256471566,0.4546715977534772,0.2502631716295596,0.26505902965821593,0.46742639523463125,0.29074001785610437,0.28349259773611873,0.6549914798921855,0.5784550681916834,0.6676220421600652,1.1886974127709555,0.8749880775380041
64,81,1,1,0,0.8963405588067284,0.4986783448463547,0.22370127816901134,0.6452899552090469,1.1846159465814035,0.6726542834630949,0.30060405042213245,0.8152706174981433,0.22645644439606746,0.2709780685768803,0.8193979370931338,0.3157234840428272
66,90,1,1,0,0.9079932475698226,0.262596786004752,0.49485838211175825,0.285390044004692,0.4875675015155285,0.2991099852556245,0.5087103867688249,0.4949068754714189,0.5892767737948101,0.6123364093074186,1.0391779420931289,1.025499701016754
67,99,1,1,0,1.3923320763049198,0.6636439349057727,0.0,0.5235181288889198,1.2039042361761034,0.6258499697000727,0.32967595828994034,0.5416793243005218,0.30521853171781166,0.5814444008212637,0.6996982028980903,0.8311501720127912
68,99,1,1,0,1.017034962767374,0.3529743149351904,0.0,0.2189605000121294,0.5210016819206699,0.5738138966042396,0.3595724846115153,0.8441996508833418,0.6839961935554606,1.0157866803291964,1.5627738082776417,0.9065226775593085
85,56,1,1,0,0.0,0.0,3.6853675296172455,6.738181256474315,6.059283375669543,2.461114235900596,0.0,0.0,0.0,0.0,0.0,0.0
86,56,1,1,0,0.0,0.0,2.0634714226643354,4.678484415498281,5.381313210764661,4.613230056142971,0.0,0.0,0.0,0.0,0.0,0.0
91,87,1,1,0,2.605404497682814,8.715206972893249,8.84566159958844,0.0,0.0,0.0,0.0,0.0,0.0,0.0,0.0,0.0
92,88,1,1,0,7.94549322324552,9.367594361781443,2.2997208144011685,0.0,0.0,0.0,0.0,0.0,0.0,0.0,0.0,0.10392029693894098
39,55,2,1,0,0.31963143483155043,0.07013633195171097,0.27675367483005986,0.0,0.09709445018766319,0.0,0.11561966542508618,0.4038409173726918,0.08142780664019647,0.38532083829344743,0.7738424357105059,0.5337144087185214
40,62,2,1,0,0.3510162026597501,0.0,0.15656009666845505,0.08082033401731459,0.9783093722505077,0.8026387960493815,0.7812277077313057,0.1389503700086002,0.1546907066080987,0.0,0.6145517738969392,0.4589602593894023
40,63,2,1,0,0.6262684214112608,0.0,0.17075768352081608,0.08814949218765986,0.7348530184540261,0.33264664899512253,0.3270939129932632,0.1273973909233322,0.14182900283560723,0.0,0.8697789358234878,1.1891758539419661
42,70,2,1,0,0.5257747545860274,0.1165868765049399,0.0,0.0,0.6379523316515722,0.443307069153997,0.8010605805850619,0.3264374252929625,0.14051529907034974,0.3598640430565798,1.1530966200742423,0.25723609299460704
43,78,2,1,0,0.5549971093835745,0.09773170584359064,0.0,0.2916194841236391,0.5886443477941332,0.19422177763856346,0.8237598665103815,0.36847980729373336,0.0,0.3815196999719349,0.6906036714806238,0.7176674561028297
44,86,2,1,0,0.7464590260487762,0.2991019456976317,0.26680603708146355,0.0,0.8091042257491989,0.40697683535235796,0.3840168241316746,0.20388909809390457,0.16604302045585115,0.398028192842806,0.7464002288331663,0.5157245150727807
45,53,2,1,0,0.5008281629322908,0.20628357349544824,0.13774189443033774,0.2798670630939485,0.07724920015644111,0.0,0.2320096075244436,0.26949755361236083,0.3348232412028456,0.2379944478903509,1.1109710559824402,0.6659315368241525
46,60,2,1,0,0.7283540710534544,0.16933450266745761,0.0,0.33661791284958337,1.2047015379346173,0.5260166458940164,0.6781901351880962,0.184254956563386,0.15024287740669495,0.2220061284726248,0.7155103681328657,0.2584178074807064
46,94,2,1,0,0.8906151073092621,0.102542140765031,0.1426084421800974,0.0,0.3363525323034798,0.3969059991547875,0.36915678120965756,0.3876636516141456,0.29019528736472255,0.25006618187088875,1.2737146235402474,0.5542591685499629
47,102,2,1,0,0.6081777465956809,0.16438892119985837,0.24795267103171786,0.0,0.34847114136011353,0.4370952380949028,0.8661879625732013,0.3505836495751743,0.0,0.2202707931275538,0.9736338457489898,0.7967622834756111
48,68,2,1,0,0.380695249523354,0.148652839902174,0.1392468902574823,0.0,0.7846837059904577,0.5000379693579033,0.894392442467544,0.5271103412142694,0.20656631261991726,0.15190952331421798,0.9823078598773398,0.4432967425373131
49,76,2,1,0,0.7965735564887273,0.1868254665435696,0.11176048137411754,0.23328659112519368,0.8897121896228081,0.8880462605532652,0.6879020321822407,0.1706469605460111,0.18096100783325794,0.1762989843753197,0.6895136552977069,0.26510973116593095
51,50,2,1,0,0.9295630263049149,0.25541562054841654,0.2940845366962107,0.8213039983626612,0.19655114894201706,0.11105106556363112,0.1753855376880851,0.5142970043249755,0.0,0.32852331587560024,0.6955864784749184,0.25088808760618153
51,84,2,1,0,0.6174586906945967,0.14630694826345894,0.0,0.20003370765477108,0.5236730695368614,0.541473560778822,0.9587000254879966,0.4433410723774345,0.5191935908107072,0.0,1.2059833003061176,0.26643615963343575
52,50,2,1,0,0.619094311110721,0.19685657859782457,0.1375255406503679,0.3730314207191711,0.18020897358277208,0.10181776422176389,0.2825578799445817,0.6267460285796169,0.14223905084721655,0.632288012653669,1.2699291396778545,0.2736397688443116
52,92,2,1,0,0.4039225196047399,0.18963020899116745,0.1379864189862764,0.0,0.7951391650938415,0.5364883845045743,0.9919409159470411,0.6199652247617317,0.37915010124130977,0.0,0.9514961252923257,0.430020471336265
53,58,2,1,0,0.4837233853612596,0.4973686366667124,0.0,0.49160933993056033,0.822275824223847,0.5752361298714512,0.7172009181397245,0.27511845671812996,0.19733391757592408,0.6010588320870753,1.2093970681071367,0.6067925650263428
53,101,2,1,0,1.2135330234998092,0.0641846829387869,0.2086406707219409,0.13385663628496497,0.64585602593729,0.7858204943987773,0.5105807393178424,0.4336716399853545,0.0,0.39406635078512336,0.27403421902463954,1.2433351498722038
54,66,2,1,0,0.890885707373003,0.2844718265420809,0.16956715567838399,0.5420510943082286,1.2220212278432994,0.6142426044166094,0.7929128762047335,0.23941152453692469,0.43632096993464253,0.0,0.7958794972065816,0.2866743918358755
56,74,2,1,0,0.27475261310985893,0.37929271151211874,0.2113437738638568,0.2825322095440729,0.7225416427118743,0.6076263524802199,1.1091098759089133,0.7273272158570497,0.47423871404365964,0.5437716285490839,0.6922499031163509,0.28435604802369646
56,75,2,1,0,0.8403371607998749,0.45035164661427285,0.23050939555794736,0.25904116948728706,0.45008199219677586,0.2610396545278226,0.28179558655902137,0.586789872724839,0.43480830486639954,0.5930833311377995,1.296452702116402,0.6686120473458977
57,83,2,1,0,1.1005865076992851,0.6107800488319484,0.23116172073526606,0.195914965161326,1.0514205733672006,0.4827462709436821,0.2678835364711987,0.43162204923813685,0.19733391757592408,0.4677389127820103,0.8476298952657524,0.29754819938125154
58,47,2,1,0,0.8212243985279337,0.4102771774845016,0.1866705677624282,0.8270629140478505,0.2404494609418573,0.2980769289985065,0.0,0.6884380364005886,0.37922993130319027,0.0,0.712434072001207,0.27467107204466806
59,91,2,1,0,0.7032036356406851,0.21271717949871585,0.0,0.34481174008854454,0.7190286137486903,0.2669621370054215,1.0278722222377188,0.48695678563026545,0.0,0.6532019517811505,1.134279944493,0.6039162586006652
60,55,2,1,0,0.26963382865548735,0.4056144548477463,0.24612874926992334,0.33051927934505315,0.7715721761248971,0.6425981217884305,0.9750419735421559,0.9846789647311784,0.6203985093193234,0.6345735277849034,0.7303302755264838,0.30285272655372747
60,56,2,1,0,0.8846170235662822,0.48524336529588197,0.268448831902619,0.30303837144020257,0.47704080851307373,0.28789077126214957,0.2749415736514892,0.6407217385709176,0.5688156959575887,0.6921195626089264,1.1221449661426923,1.0544341446061947
60,100,2,1,0,1.2764574996272318,0.21017465173803054,0.20547762414691348,0.19917931524927593,0.7491389293048816,0.30658056547180024,0.8479633065348666,0.7174603457424967,0.0,0.4220185079945154,0.3013037017694287,1.4514276388983667
61,64,2,1,0,1.1537324325995593,0.3088030946225777,0.20354750789545897,0.6973660927055315,1.2021077245958192,0.6604660166433693,0.2879841261058491,0.8132365273299842,0.0,0.5192258205210298,0.8928212682794874,0.3118399688022453
63,72,2,1,0,0.2878596462530027,0.19619528414054271,0.4552982966996052,0.3082942564932576,0.7871608075051111,0.6618227673352166,1.189539390090361,0.8521066341008702,0.6358401030592253,0.6618018878759737,0.7277806241110947,0.30810404210930686
63,73,2,1,0,0.9091041104007643,0.25455761044088066,0.49658683221203337,0.2826612402072671,0.4975512211442139,0.30789292585332917,0.48577225471659413,0.5225462296077139,0.5829734038790559,0.7218171151408965,1.3988746951670574,0.7411886670915298
64,81,2,1,0,0.8867766691826879,0.4712423868660409,0.20760098750371092,0.5330691673059873,0.9541775592770201,0.9656909287335314,0.3066974471251017,0.8426325339199855,0.5190282341172966,0.285248726816525,0.5294734580492642,0.2924301130502759
66,90,2,1,0,0.9099338426746262,0.2964470311946257,0.45698427825774424,0.0,0.7644241161988315,0.2991099852556245,0.5368408637122556,0.4949068754714189,0.5892767737948101,0.6627706698022513,1.0587502841947514,1.072922709045241
67,99,2,1,0,1.4393832079473172,0.6898900485072348,0.2845996419015185,0.23975698065129586,1.2499721390591825,0.6032418737098028,0.33074776920841426,0.5278840170079844,0.3240564594126231,0.5538072977192504,0.7052776593524841,0.8261386346564066
68,99,2,1,0,1.040270205634063,0.3649133304194233,0.21934959050117622,0.0,0.5497629303729497,0.5530855427126569,0.3607414922546218,0.8423273252790269,0.7210577749719941,1.0087775818404419,1.5581501689008201,0.9010566710348843
85,56,2,1,0,0.0,0.0,3.473573401156113,6.324744898532155,5.842476091884538,2.391526635421896,0.0,0.0,0.0,0.0,0.0,0.0
86,56,2,1,0,0.0,0.0,1.9277986511201846,4.382634317767854,5.107883192239836,4.486785973752347,0.0,0.0,0.0,0.0,0.0,0.0
91,87,2,1,0,2.441149830777637,8.976106750222229,7.436757836061767,0.0,0.0,0.0,0.0,0.0,0.0,0.0,0.0,0.0
92,88,2,1,0,7.436477354679548,8.798202610787737,2.1435715650878757,0.0,0.0,0.0,0.0,0.0,0.0,0.0,0.0,0.09009366977223102
92,86,0,1,1,1.5852106539146678,6.576764416774154,4.38195258131441,0.0,0.0,0.0,0.0,0.0,0.0,0.0,0.023424169214966834,0.014460782749687545
44,29,0,2,0,0.0,0.0,3.0494226472309016,8.746797592740737,2.250662754170988,0.0,0.0,0.0,0.0,0.0,0.0,0.0
46,42,0,2,0,0.39231104441853565,7.18081965029638,9.09046674302604,0.0,0.0,0.0,0.0,0.0,0.0,0.0,0.0,0.0
44,29,1,2,0,0.0,0.0,3.690898273339304,7.122469039070496,2.1455259544944942,0.0,0.0,0.0,0.0,0.0,0.0,0.0
44,30,1,2,0,0.0,0.0,6.729769600955908,5.352244491391771,0.71944727834155,0.0,0.0,0.0,0.0,0.0,0.0,0.0
46,42,1,2,0,0.1178101165662829,5.9898438212495435,9.583685485337318,0.0,0.0,0.0,0.0,0.0,0.0,0.0,0.0,0.0
44,29,2,2,0,0.0,0.035215780317086526,3.2491930709035346,6.447709806759092,1.7899498133266667,0.0,0.0,0.0,0.0,0.0,0.0,0.0
46,42,2,2,0,0.24102067685189335,6.295222415710616,8.016589219987653,0.0,0.0,0.0,0.0,0.0,0.0,0.0,0.0,0.0
