x1,x2,x3,x4,x5,x6
109,574,1,109,1,2
36,994,1,36,1,2
46,367,1,46,1,2
37,1037,1,37,1,2
102,704,1,102,1,2
53,854,1,53,1,2
42,559,1,42,1,2
43,192,1,43,1,2
113,999,1,113,1,2
106,828,1,106,1,2
52,428,1,52,1,2
107,545,1,107,1,2
107,954,1,107,1,2
31,201,1,31,1,2
117,284,1,117,1,2
117,622,1,117,1,2
51,582,1,51,1,2
110,554,1,110,1,2
110,136,1,110,1,2
116,259,1,116,1,2
115,1014,1,115,1,2
115,1036,1,115,1,2
45,602,1,45,1,2
44,863,1,44,1,2
104,587,1,104,1,2
105,82,1,105,1,2
104,705,1,104,1,2
55,476,1,55,1,2
48,534,1,48,1,2
84,639,1,84,1,2
80,924,1,80,1,2
120,240,1,120,1,2
71,186,1,71,1,2
60,208,1,60,1,2
43,897,1,43,1,2
101,740,1,101,1,2
101,710,1,101,1,2
34,453,1,34,1,2
34,276,1,34,1,2
122,635,1,122,1,2
66,385,1,66,1,2
65,883,1,65,1,2
99,143,1,99,1,2
96,545,1,96,1,2
50,989,1,50,1,2
50,1022,1,50,1,2
50,896,1,50,1,2
69,647,1,69,1,2
69,1017,1,69,1,2
46,849,1,46,1,2
47,352,1,47,1,2
46,713,1,46,1,2
104,185,1,104,1,2
103,610,1,103,1,2
104,319,1,104,1,2
115,228,1,115,1,2
115,51,1,115,1,2
115,103,1,115,1,2
41,581,1,41,1,2
41,523,1,41,1,2
41,628,1,41,1,2
39,859,1,39,1,2
39,118,1,39,1,2
39,616,1,39,1,2
57,875,1,57,1,2
89,917,1,89,1,2
89,874,1,89,1,2
31,525,1,31,1,2
31,411,1,31,1,2
31,956,1,31,1,2
85,1019,1,85,1,2
82,409,1,82,1,2
118,955,1,118,1,2
97,641,1,97,1,2
97,566,1,97,1,2
58,93,1,58,1,2
98,162,1,98,1,2
98,101,1,98,1,2
98,546,1,98,1,2
79,1043,1,79,1,2
80,544,1,80,1,2
80,322,1,80,1,2
88,98,1,88,1,2
88,118,1,88,1,2
87,553,1,87,1,2
78,954,1,78,1,2
56,647,1,56,1,2
56,654,1,56,1,2
56,238,1,56,1,2
93,31,1,93,1,2
93,671,1,93,1,2
91,644,1,91,1,2
91,965,1,91,1,2
91,932,1,91,1,2
63,158,1,63,1,2
62,688,1,62,1,2
92,980,1,92,1,2
92,71,1,92,1,2
73,925,1,73,1,2
73,323,1,73,1,2
47,789,1,47,1,2
48,45,1,48,1,2
47,1037,1,47,1,2
70,888,1,70,1,2
70,365,1,70,1,2
100,219,1,100,1,2
99,693,1,99,1,2
83,174,1,83,1,2
82,813,1,82,1,2
54,558,1,54,1,2
54,531,1,54,1,2
54,257,1,54,1,2
54,699,1,54,1,2
90,328,1,90,1,2
90,210,1,90,1,2
90,636,1,90,1,2
90,1042,1,90,1,2
87,290,1,87,1,2
86,504,1,86,1,2
86,816,1,86,1,2
67,803,1,67,1,2
67,438,1,67,1,2
68,47,1,68,1,2
69,269,1,69,1,2
68,974,1,68,1,2
68,912,1,68,1,2
68,718,1,68,1,2
68,445,1,68,1,2
59,437,1,59,1,2
59,571,1,59,1,2
59,797,1,59,1,2
63,706,1,63,1,2
63,625,1,63,1,2
64,73,1,64,1,2
111,625,1,111,1,2
111,711,1,111,1,2
111,878,1,111,1,2
111,336,1,111,1,2
111,791,1,111,1,2
125,563,1,125,1,2
125,1027,1,125,1,2
125,471,1,125,1,2
125,986,1,125,1,2
61,217,1,61,1,2
60,912,1,60,1,2
61,361,1,61,1,2
60,1027,1,60,1,2
61,157,1,61,1,2
74,1027,1,74,1,2
74,905,1,74,1,2
74,301,1,74,1,2
74,385,1,74,1,2
127,244,1,127,1,2
127,803,1,127,1,2
134,986,1,134,1,2
144,480,1,144,1,2
128,124,1,128,1,2
128,962,1,128,1,2
148,366,1,148,1,2
131,291,1,131,1,2
131,660,1,131,1,2
145,362,1,145,1,2
133,292,1,133,1,2
133,609,1,133,1,2
133,340,1,133,1,2
137,404,1,137,1,2
137,263,1,137,1,2
138,680,1,138,1,2
126,961,1,126,1,2
126,976,1,126,1,2
126,665,1,126,1,2
126,680,1,126,1,2
160,1033,1,160,1,2
141,532,1,141,1,2
142,152,1,142,1,2
161,637,1,161,1,2
157,356,1,157,1,2
157,163,1,157,1,2
163,914,1,163,1,2
157,542,1,157,1,2
158,359,1,158,1,2
140,61,1,140,1,2
139,474,1,139,1,2
142,339,1,142,1,2
142,958,1,142,1,2
166,369,1,166,1,2
149,355,1,149,1,2
149,829,1,149,1,2
149,137,1,149,1,2
150,425,1,150,1,2
150,791,1,150,1,2
162,470,1,162,1,2
162,677,1,162,1,2
174,793,1,174,1,2
156,353,1,156,1,2
156,477,1,156,1,2
169,661,1,169,1,2
169,803,1,169,1,2
174,503,1,174,1,2
173,736,1,173,1,2
173,862,1,173,1,2
180,153,1,180,1,2
180,210,1,180,1,2
177,488,1,177,1,2
171,627,1,171,1,2
170,160,1,170,1,2
170,595,1,170,1,2
178,866,1,178,1,2
178,954,1,178,1,2
177,288,1,177,1,2
182,885,1,182,1,2
181,501,1,181,1,2
181,332,1,181,1,2
181,855,1,181,1,2
175,1038,1,175,1,2
175,546,1,175,1,2
176,376,1,176,1,2
180,601,1,180,1,2
180,1021,1,180,1,2
183,458,1,183,1,2
183,727,1,183,1,2
183,966,1,183,1,2
193,697,1,193,1,2
189,890,1,189,1,2
189,950,1,189,1,2
198,508,1,198,1,2
198,459,1,198,1,2
186,336,1,186,1,2
186,483,1,186,1,2
187,655,1,187,1,2
193,375,1,193,1,2
193,236,1,193,1,2
189,172,1,189,1,2
190,730,1,190,1,2
190,847,1,190,1,2
200,976,1,200,1,2
194,747,1,194,1,2
194,695,1,194,1,2
195,90,1,195,1,2
208,245,1,208,1,2
199,561,1,199,1,2
199,794,1,199,1,2
203,636,1,203,1,2
201,329,1,201,1,2
201,994,1,201,1,2
216,366,1,216,1,2
192,512,1,192,1,2
195,682,1,195,1,2
195,990,1,195,1,2
196,124,1,196,1,2
220,297,1,220,1,2
196,639,1,196,1,2
197,163,1,197,1,2
196,895,1,196,1,2
211,149,1,211,1,2
210,600,1,210,1,2
208,783,1,208,1,2
227,817,1,227,1,2
218,751,1,218,1,2
230,235,1,230,1,2
231,1007,1,231,1,2
233,398,1,233,1,2
223,839,1,223,1,2
222,1042,1,222,1,2
221,1033,1,221,1,2
221,997,1,221,1,2
222,913,1,222,1,2
229,392,1,229,1,2
214,957,1,214,1,2
235,871,1,235,1,2
211,808,1,211,1,2
212,399,1,212,1,2
212,201,1,212,1,2
219,372,1,219,1,2
219,771,1,219,1,2
236,879,1,236,1,2
232,1022,1,232,1,2
232,838,1,232,1,2
241,523,1,241,1,2
224,1015,1,224,1,2
225,151,1,225,1,2
225,676,1,225,1,2
225,690,1,225,1,2
245,531,1,245,1,2
230,932,1,230,1,2
231,40,1,231,1,2
231,110,1,231,1,2
237,310,1,237,1,2
237,922,1,237,1,2
245,768,1,245,1,2
225,908,1,225,1,2
225,795,1,225,1,2
226,339,1,226,1,2
244,646,1,244,1,2
244,719,1,244,1,2
227,304,1,227,1,2
226,1002,1,226,1,2
226,834,1,226,1,2
242,206,1,242,1,2
242,249,1,242,1,2
242,497,1,242,1,2
239,505,1,239,1,2
239,175,1,239,1,2
239,51,1,239,1,2
238,951,1,238,1,2
238,686,1,238,1,2
238,247,1,238,1,2
238,764,1,238,1,2
250,408,1,250,1,2
248,66,1,248,1,2
248,493,1,248,1,2
246,886,1,246,1,2
246,1020,1,246,1,2
246,979,1,246,1,2
247,90,1,247,1,2
249,1038,1,249,1,2
249,674,1,249,1,2
252,186,1,252,1,2
258,953,1,258,1,2
256,904,1,256,1,2
257,794,1,257,1,2
257,667,1,257,1,2
252,1025,1,252,1,2
253,87,1,253,1,2
259,822,1,259,1,2
263,1035,1,263,1,2
265,1021,1,265,1,2
267,993,1,267,1,2
255,299,1,255,1,2
255,141,1,255,1,2
255,261,1,255,1,2
270,81,1,270,1,2
259,1031,1,259,1,2
260,437,1,260,1,2
270,1026,1,270,1,2
267,282,1,267,1,2
267,426,1,267,1,2
272,997,1,272,1,2
268,959,1,268,1,2
274,351,1,274,1,2
274,708,1,274,1,2
278,64,1,278,1,2
281,115,1,281,1,2
279,1049,1,279,1,2
284,437,1,284,1,2
282,353,1,282,1,2
289,682,1,289,1,2
293,709,1,293,1,2
296,96,1,296,1,2
282,869,1,282,1,2
297,296,1,297,1,2
291,957,1,291,1,2
291,448,1,291,1,2
292,329,1,292,1,2
292,765,1,292,1,2
305,543,1,305,1,2
308,974,1,308,1,2
308,457,1,308,1,2
308,470,1,308,1,2
298,933,1,298,1,2
298,848,1,298,1,2
307,329,1,307,1,2
302,460,1,302,1,2
302,526,1,302,1,2
300,514,1,300,1,2
311,502,1,311,1,2
290,293,1,290,1,2
290,508,1,290,1,2
290,748,1,290,1,2
291,99,1,291,1,2
315,944,1,315,1,2
309,443,1,309,1,2
314,725,1,314,1,2
312,587,1,312,1,2
312,762,1,312,1,2
313,864,1,313,1,2
298,149,1,298,1,2
298,182,1,298,1,2
297,946,1,297,1,2
298,713,1,298,1,2
324,768,1,324,1,2
324,206,1,324,1,2
326,769,1,326,1,2
322,971,1,322,1,2
322,673,1,322,1,2
321,962,1,321,1,2
327,695,1,327,1,2
317,460,1,317,1,2
317,436,1,317,1,2
310,1046,1,310,1,2
310,775,1,310,1,2
310,845,1,310,1,2
310,696,1,310,1,2
325,952,1,325,1,2
325,797,1,325,1,2
326,63,1,326,1,2
329,97,1,329,1,2
329,679,1,329,1,2
328,799,1,328,1,2
328,967,1,328,1,2
328,332,1,328,1,2
328,860,1,328,1,2
331,595,1,331,1,2
331,79,1,331,1,2
334,183,1,334,1,2
337,470,1,337,1,2
336,847,1,336,1,2
336,260,1,336,1,2
339,317,1,339,1,2
339,199,1,339,1,2
338,805,1,338,1,2
340,772,1,340,1,2
340,779,1,340,1,2
341,414,1,341,1,2
345,725,1,345,1,2
341,658,1,341,1,2
348,138,1,348,1,2
353,815,1,353,1,2
349,247,1,349,1,2
349,197,1,349,1,2
353,371,1,353,1,2
351,1039,1,351,1,2
343,953,1,343,1,2
343,724,1,343,1,2
343,794,1,343,1,2
351,827,1,351,1,2
357,817,1,357,1,2
342,490,1,342,1,2
342,499,1,342,1,2
342,509,1,342,1,2
342,599,1,342,1,2
343,194,1,343,1,2
342,442,1,342,1,2
343,238,1,343,1,2
365,1048,1,365,1,2
363,762,1,363,1,2
362,935,1,362,1,2
355,816,1,355,1,2
356,209,1,356,1,2
359,251,1,359,1,2
358,939,1,358,1,2
356,787,1,356,1,2
357,244,1,357,1,2
357,131,1,357,1,2
355,170,1,355,1,2
355,417,1,355,1,2
354,936,1,354,1,2
347,495,1,347,1,2
347,422,1,347,1,2
347,643,1,347,1,2
347,457,1,347,1,2
347,461,1,347,1,2
369,826,1,369,1,2
370,263,1,370,1,2
375,944,1,375,1,2
373,936,1,373,1,2
377,219,1,377,1,2
364,835,1,364,1,2
364,936,1,364,1,2
365,95,1,365,1,2
378,318,1,378,1,2
377,830,1,377,1,2
383,783,1,383,1,2
385,894,1,385,1,2
384,847,1,384,1,2
384,903,1,384,1,2
388,793,1,388,1,2
391,218,1,391,1,2
391,224,1,391,1,2
392,756,1,392,1,2
391,802,1,391,1,2
391,932,1,391,1,2
397,1003,1,397,1,2
397,1019,1,397,1,2
398,117,1,398,1,2
393,803,1,393,1,2
389,916,1,389,1,2
389,801,1,389,1,2
390,118,1,390,1,2
401,797,1,401,1,2
396,328,1,396,1,2
389,335,1,389,1,2
388,961,1,388,1,2
388,983,1,388,1,2
389,283,1,389,1,2
402,858,1,402,1,2
404,926,1,404,1,2
407,364,1,407,1,2
400,268,1,400,1,2
400,365,1,400,1,2
387,34,1,387,1,2
387,778,1,387,1,2
387,837,1,387,1,2
398,961,1,398,1,2
398,748,1,398,1,2
411,358,1,411,1,2
412,312,1,412,1,2
406,264,1,406,1,2
406,368,1,406,1,2
403,847,1,403,1,2
403,1006,1,403,1,2
403,142,1,403,1,2
415,936,1,415,1,2
407,920,1,407,1,2
408,362,1,408,1,2
416,1023,1,416,1,2
417,307,1,417,1,2
418,890,1,418,1,2
418,840,1,418,1,2
420,1004,1,420,1,2
421,226,1,421,1,2
425,1023,1,425,1,2
426,759,1,426,1,2
433,939,1,433,1,2
428,1010,1,428,1,2
429,182,1,429,1,2
436,166,1,436,1,2
437,774,1,437,1,2
431,1033,1,431,1,2
434,761,1,434,1,2
442,289,1,442,1,2
449,679,1,449,1,2
448,886,1,448,1,2
448,717,1,448,1,2
458,893,1,458,1,2
447,948,1,447,1,2
447,727,1,447,1,2
447,736,1,447,1,2
459,124,1,459,1,2
463,853,1,463,1,2
445,876,1,445,1,2
445,769,1,445,1,2
445,752,1,445,1,2
456,172,1,456,1,2
456,988,1,456,1,2
462,701,1,462,1,2
465,898,1,465,1,2
467,803,1,467,1,2
469,173,1,469,1,2
464,998,1,464,1,2
465,259,1,465,1,2
471,590,1,471,1,2
471,110,1,471,1,2
470,976,1,470,1,2
473,143,1,473,1,2
478,974,1,478,1,2
477,766,1,477,1,2
478,861,1,478,1,2
473,937,1,473,1,2
473,903,1,473,1,2
473,1004,1,473,1,2
474,96,1,474,1,2
480,893,1,480,1,2
476,973,1,476,1,2
476,860,1,476,1,2
479,955,1,479,1,2
480,243,1,480,1,2
482,887,1,482,1,2
482,682,1,482,1,2
485,1049,1,485,1,2
488,778,1,488,1,2
487,794,1,487,1,2
487,684,1,487,1,2
487,236,1,487,1,2
486,882,1,486,1,2
490,163,1,490,1,2
483,921,1,483,1,2
484,325,1,484,1,2
492,368,1,492,1,2
490,912,1,490,1,2
484,788,1,484,1,2
484,888,1,484,1,2
484,895,1,484,1,2
484,1013,1,484,1,2
485,279,1,485,1,2
493,230,1,493,1,2
493,781,1,493,1,2
494,765,1,494,1,2
497,157,1,497,1,2
498,187,1,498,1,2
498,812,1,498,1,2
499,416,1,499,1,2
504,804,1,504,1,2
501,932,1,501,1,2
501,919,1,501,1,2
504,33,1,504,1,2
504,219,1,504,1,2
506,922,1,506,1,2
508,190,1,508,1,2
510,770,1,510,1,2
511,70,1,511,1,2
515,136,1,515,1,2
511,379,1,511,1,2
511,763,1,511,1,2
512,944,1,512,1,2
516,207,1,516,1,2
519,212,1,519,1,2
514,88,1,514,1,2
514,166,1,514,1,2
522,145,1,522,1,2
522,926,1,522,1,2
519,996,1,519,1,2
519,735,1,519,1,2
523,869,1,523,1,2
524,814,1,524,1,2
531,858,1,525,1,2
527,159,1,527,1,2
530,143,1,530,1,2
536,195,1,536,1,2
529,194,1,529,1,2
529,880,1,529,1,2
529,549,1,529,1,2
534,977,1,534,1,2
535,106,1,535,1,2
545,911,1,545,1,2
537,879,1,537,1,2
547,1042,1,547,1,2
541,164,1,541,1,2
541,316,1,541,1,2
534,786,1,534,1,2
534,100,1,534,1,2
534,741,1,534,1,2
550,999,1,550,1,2
549,895,1,549,1,2
549,56,1,549,1,2
539,907,1,539,1,2
539,1036,1,539,1,2
540,191,1,540,1,2
553,815,1,553,1,2
544,821,1,544,1,2
545,208,1,545,1,2
551,711,1,551,1,2
551,814,1,551,1,2
557,166,1,557,1,2
553,984,1,553,1,2
557,925,1,557,1,2
542,707,1,542,1,2
542,923,1,542,1,2
542,865,1,542,1,2
543,109,1,543,1,2
560,843,1,560,1,2
561,715,1,561,1,2
559,988,1,559,1,2
563,716,1,563,1,2
565,1049,1,565,1,2
568,830,1,568,1,2
569,1001,1,569,1,2
570,66,1,570,1,2
571,905,1,571,1,2
573,720,1,573,1,2
571,719,1,571,1,2
575,827,1,575,1,2
575,833,1,575,1,2
576,977,1,576,1,2
577,867,1,577,1,2
583,119,1,583,1,2
582,171,1,582,1,2
586,61,1,586,1,2
583,864,1,583,1,2
583,912,1,583,1,2
588,849,1,588,1,2
589,139,1,589,1,2
589,166,1,589,1,2
590,962,1,590,1,2
590,986,1,590,1,2
591,785,1,591,1,2
592,172,1,592,1,2
598,891,1,598,1,2
598,580,1,598,1,2
605,933,1,605,1,2
602,122,1,602,1,2
601,161,1,601,1,2
600,731,1,600,1,2
606,142,1,606,1,2
609,103,1,609,1,2
608,831,1,608,1,2
614,932,1,614,1,2
616,904,1,616,1,2
614,159,1,614,1,2
614,56,1,614,1,2
615,758,1,615,1,2
615,837,1,615,1,2
618,918,1,618,1,2
624,825,1,624,1,2
623,160,1,623,1,2
623,915,1,623,1,2
623,874,1,623,1,2
623,1005,1,623,1,2
629,986,1,629,1,2
630,465,1,630,1,2
634,896,1,634,1,2
630,910,1,630,1,2
630,832,1,630,1,2
631,162,1,631,1,2
638,35,1,638,1,2
638,939,1,638,1,2
638,1015,1,638,1,2
639,747,1,639,1,2
641,172,1,641,1,2
644,677,1,644,1,2
646,912,1,646,1,2
646,944,1,646,1,2
647,750,1,647,1,2
648,168,1,648,1,2
650,955,1,650,1,2
650,48,1,650,1,2
649,1045,1,649,1,2
651,890,1,651,1,2
654,43,1,654,1,2
654,383,1,654,1,2
656,938,1,656,1,2
658,131,1,658,1,2
655,950,1,655,1,2
659,119,1,659,1,2
663,108,1,663,1,2
663,963,1,663,1,2
665,173,1,665,1,2
665,844,1,665,1,2
670,959,1,670,1,2
672,796,1,672,1,2
668,958,1,668,1,2
669,111,1,669,1,2
671,1035,1,671,1,2
671,978,1,671,1,2
678,209,1,678,1,2
675,1004,1,675,1,2
674,176,1,674,1,2
673,866,1,673,1,2
681,342,1,681,1,2
683,788,1,683,1,2
684,420,1,685,1,2
686,179,1,686,1,2
679,34,1,679,1,2
683,159,1,683,1,2
683,178,1,683,1,2
688,180,1,688,1,2
689,144,1,689,1,2
689,380,1,689,1,2
695,182,1,695,1,2
695,961,1,695,1,2
697,1011,1,697,1,2
690,803,1,690,1,2
691,188,1,691,1,2
692,137,1,692,1,2
692,181,1,692,1,2
700,810,1,700,1,2
699,183,1,699,1,2
696,900,1,696,1,2
696,843,1,696,1,2
699,994,1,699,1,2
699,853,1,699,1,2
701,921,1,701,1,2
704,75,1,704,1,2
704,964,1,704,1,2
707,454,1,707,1,2
708,199,1,708,1,2
707,143,1,707,1,2
709,144,1,709,1,2
711,978,1,711,1,2
711,187,1,711,1,2
710,63,1,710,1,2
714,275,1,714,1,2
719,808,1,719,1,2
718,189,1,718,1,2
724,191,1,724,1,2
721,190,1,721,1,2
715,139,1,715,1,2
715,870,1,715,1,2
715,819,1,715,1,2
726,1049,1,726,1,2
725,36,1,725,1,2
724,1042,1,724,1,2
729,1035,1,729,1,2
730,193,1,730,1,2
730,162,1,730,1,2
730,858,1,730,1,2
733,154,1,733,1,2
733,174,1,733,1,2
736,175,1,736,1,2
735,33,1,735,1,2
734,1048,1,734,1,2
735,785,1,735,1,2
737,1025,1,737,1,2
737,1007,1,737,1,2
740,367,1,740,1,2
739,873,1,739,1,2
741,196,1,741,1,2
742,788,1,742,1,2
743,211,1,743,1,2
744,75,1,744,1,2
746,167,1,746,1,2
745,1046,1,745,1,2
748,693,1,748,1,2
749,145,1,749,1,2
749,1031,1,749,1,2
750,103,1,750,1,2
750,206,1,750,1,2
754,89,1,754,1,2
755,200,1,755,1,2
755,380,1,755,1,2
752,974,1,752,1,2
760,994,1,760,1,2
759,182,1,759,1,2
752,180,1,752,1,2
752,901,1,752,1,2
762,162,1,762,1,2
759,1020,1,759,1,2
764,203,1,764,1,2
764,83,1,764,1,2
764,315,1,764,1,2
764,721,1,764,1,2
771,541,1,771,1,2
758,201,1,758,1,2
770,492,1,770,1,2
767,204,1,767,1,2
767,898,1,767,1,2
767,937,1,767,1,2
768,245,1,768,1,2
774,975,1,774,1,2
779,208,1,779,1,2
788,107,1,788,1,2
787,113,1,787,1,2
784,999,1,784,1,2
789,964,1,789,1,2
791,954,1,791,1,2
791,1005,1,791,1,2
792,523,1,792,1,2
799,854,1,799,1,2
801,1024,1,801,1,2
803,876,1,803,1,2
805,613,1,805,1,2
808,217,1,808,1,2
811,41,1,811,1,2
811,218,1,811,1,2
815,611,1,815,1,2
816,232,1,816,1,2
823,192,1,822,1,2
823,228,1,823,1,2
823,907,1,823,1,2
821,220,1,821,1,2
821,948,1,821,1,2
829,932,1,829,1,2
825,221,1,825,1,2
826,938,1,826,1,2
829,125,1,829,1,2
833,632,1,833,1,2
826,46,1,826,1,2
826,229,1,826,1,2
828,113,1,828,1,2
828,230,1,828,1,2
835,1040,1,835,1,2
846,164,1,846,1,2
846,38,1,846,1,2
844,194,1,844,1,2
844,227,1,844,1,2
844,99,1,844,1,2
852,102,1,852,1,2
855,160,1,855,1,2
853,301,1,853,1,2
853,230,1,853,1,2
856,211,1,856,1,2
858,115,1,858,1,2
858,131,1,858,1,2
860,439,1,860,1,2
859,212,1,859,1,2
867,876,1,867,1,2
862,1049,1,862,1,2
866,361,1,866,1,2
865,1020,1,865,1,2
877,985,1,877,1,2
875,180,1,875,1,2
879,143,1,879,1,2
868,1036,1,868,1,2
869,128,1,869,1,2
869,187,1,869,1,2
869,194,1,869,1,2
877,32,1,877,1,2
877,71,1,877,1,2
880,47,1,880,1,2
884,239,1,884,1,2
886,240,1,886,1,2
888,48,1,888,1,2
888,176,1,888,1,2
891,38,1,891,1,2
890,249,1,890,1,2
892,103,1,892,1,2
894,250,1,894,1,2
895,65,1,895,1,2
895,242,1,895,1,2
901,168,1,901,1,2
900,101,1,900,1,2
904,245,1,904,1,2
907,1006,1,907,1,2
913,51,1,913,1,2
916,213,1,916,1,2
925,127,1,925,1,2
923,197,1,923,1,2
922,58,1,922,1,2
929,253,1,929,1,2
935,1034,1,935,1,2
941,35,1,941,1,2
941,224,1,941,1,2
939,161,1,939,1,2
938,1028,1,938,1,2
944,979,1,944,1,2
949,202,1,949,1,2
953,260,1,953,1,2
952,177,1,952,1,2
952,80,1,952,1,2
956,75,1,956,1,2
956,96,1,956,1,2
959,582,1,959,1,2
958,261,1,958,1,2
960,84,1,960,1,2
964,271,1,964,1,2
967,264,1,967,1,2
967,272,1,967,1,2
966,492,1,966,1,2
967,116,1,967,1,2
969,273,1,969,1,2
972,274,1,972,1,2
971,89,1,971,1,2
971,65,1,971,1,2
975,90,1,975,1,2
976,1014,1,976,1,2
980,96,1,980,1,2
979,1036,1,979,1,2
981,269,1,981,1,2
985,967,1,985,1,2
988,294,1,988,1,2
994,389,1,994,1,2
989,58,1,989,1,2
989,217,1,989,1,2
995,296,1,995,1,2
1001,100,1,1001,1,2
1001,275,1,1001,1,2
1009,387,1,1009,1,2
999,1020,1,999,1,2
1011,928,1,1011,1,2
1004,944,1,1004,1,2
1004,207,1,1004,1,2
1004,462,1,1004,1,2
1002,894,1,1002,1,2
1003,946,1,1003,1,2
1013,291,1,1013,1,2
1019,910,1,1019,1,2
1007,951,1,1007,1,2
1007,938,1,1007,1,2
1015,919,1,1015,1,2
1017,915,1,1017,1,2
1018,995,1,1018,1,2
1019,127,1,1019,1,2
1025,282,1,1025,1,2
1022,155,1,1022,1,2
1028,1002,1,1028,1,2
1016,917,1,1016,1,2
1017,280,1,1017,1,2
1021,196,1,1021,1,2
1037,294,1,1037,1,2
1032,882,1,1032,1,2
1030,187,1,1030,1,2
1029,889,1,1029,1,2
1034,158,1,1034,1,2
1034,285,1,1034,1,2
1036,286,1,1036,1,2
1038,868,1,1038,1,2
1039,148,1,1039,1,2
1040,126,1,1040,1,2
1044,579,1,1044,1,2
1043,582,1,1043,1,2
1041,859,1,1041,1,2
1042,551,1,1042,1,2
1042,584,1,1042,1,2
1047,567,1,1047,1,2
1045,575,1,1045,1,2
1049,923,1,1049,1,2
1046,571,1,1046,1,2
1046,79,1,1046,1,2
1046,814,1,1046,1,2
1048,898,1,1048,1,2
1049,291,1,1049,1,2
1049,107,1,1049,1,2
1054,47,1,1054,1,2
1054,846,1,1054,1,2
1055,295,1,1055,1,2
1054,911,1,1054,1,2
1056,870,1,1056,1,2
1058,1027,1,1058,1,2
1061,535,1,1061,1,2
1062,306,1,1062,1,2
1062,85,1,1062,1,2
1065,100,1,1065,1,2
1066,274,1,1066,1,2
1066,62,1,1066,1,2
1065,1031,1,1065,1,2
1065,1038,1,1065,1,2
1066,254,1,1066,1,2
1067,965,1,1067,1,2
1071,154,1,1071,1,2
1072,525,1,1072,1,2
1076,250,1,1076,1,2
1071,1017,1,1071,1,2
1071,528,1,1071,1,2
1071,866,1,1071,1,2
1070,498,1,1070,1,2
1070,531,1,1070,1,2
1075,882,1,1075,1,2
1074,517,1,1074,1,2
1082,116,1,1082,1,2
1082,122,1,1082,1,2
1079,121,1,1079,1,2
1079,163,1,1079,1,2
1073,522,1,1073,1,2
1073,695,1,1073,1,2
1074,138,1,1074,1,2
1074,120,1,1074,1,2
1085,123,1,1085,1,2
1086,70,1,1086,1,2
1086,118,1,1086,1,2
1084,117,1,1084,1,2
1083,1038,1,1083,1,2
1084,750,1,1084,1,2
1092,753,1,1092,1,2
1091,125,1,1091,1,2
1097,736,1,1097,1,2
1099,1024,1,1099,1,2
1101,1025,1,1101,1,2
1098,122,1,1098,1,2
1098,1030,1,1098,1,2
1103,131,1,1103,1,2
1105,168,1,1105,1,2
1104,793,1,1104,1,2
1106,125,1,1106,1,2
1108,331,1,1106,1,2
1107,669,1,1107,1,2
1103,1026,1,1103,1,2
1103,836,1,1103,1,2
1104,118,1,1104,1,2
1109,670,1,1109,1,2
1113,726,1,1113,1,2
1112,44,1,1112,1,2
1115,727,1,1115,1,2
1118,728,1,1118,1,2
1117,155,1,1117,1,2
1117,716,1,1117,1,2
1114,673,1,1114,1,2
1114,786,1,1114,1,2
1114,246,1,1114,1,2
1120,54,1,1120,1,2
1121,222,1,1121,1,2
1123,301,1,1123,1,2
1122,181,1,1122,1,2
1128,158,1,1128,1,2
1128,631,1,1128,1,2
1129,177,1,1129,1,2
1130,752,1,1130,1,2
1133,78,1,1133,1,2
1134,85,1,1134,1,2
1134,1023,1,1134,1,2
1135,329,1,1135,1,2
1135,688,1,1135,1,2
1137,705,1,1137,1,2
1136,637,1,1136,1,2
1137,1032,1,1137,1,2
1138,455,1,1138,1,2
1138,74,1,1138,1,2
1139,768,1,1139,1,2
1140,232,1,1140,1,2
1141,471,1,1141,1,2
1142,373,1,1142,1,2
1145,1037,1,1145,1,2
1143,340,1,1143,1,2
1142,990,1,1142,1,2
1143,149,1,1143,1,2
1148,328,1,1148,1,2
1148,688,1,1148,1,2
1148,924,1,1148,1,2
1152,879,1,1152,1,2
1152,277,1,1152,1,2
1151,872,1,1151,1,2
1153,407,1,1153,1,2
1153,506,1,1153,1,2
1156,439,1,1156,1,2
1160,326,1,1160,1,2
1158,1044,1,1158,1,2
1159,143,1,1159,1,2
1159,534,1,1159,1,2
1161,338,1,1161,1,2
1165,1016,1,1165,1,2
1161,962,1,1161,1,2
1161,1020,1,1161,1,2
1157,953,1,1157,1,2
1158,317,1,1158,1,2
1157,889,1,1157,1,2
1158,182,1,1158,1,2
1157,163,1,1157,1,2
1156,863,1,1156,1,2
1162,601,1,1162,1,2
1162,1009,1,1162,1,2
1164,46,1,1164,1,2
1163,920,1,1163,1,2
1169,536,1,1169,1,2
1166,853,1,1166,1,2
1167,122,1,1167,1,2
1171,581,1,1171,1,2
1172,473,1,1172,1,2
1172,579,1,1172,1,2
1173,885,1,1173,1,2
1176,401,1,1176,1,2
1176,628,1,1176,1,2
1178,468,1,1178,1,2
1180,120,1,1180,1,2
1184,615,1,1184,1,2
1181,70,1,1181,1,2
1180,889,1,1180,1,2
1181,865,1,1181,1,2
1181,732,1,1181,1,2
1188,767,1,1188,1,2
1188,587,1,1188,1,2
1190,1049,1,1190,1,2
1189,124,1,1189,1,2
1189,497,1,1189,1,2
1183,343,1,1183,1,2
1182,890,1,1182,1,2
1182,502,1,1182,1,2
1192,972,1,1192,1,2
1193,720,1,1193,1,2
1195,910,1,1195,1,2
1198,244,1,1198,1,2
1197,152,1,1197,1,2
1200,162,1,1200,1,2
1201,978,1,1201,1,2
1201,142,1,1201,1,2
1201,88,1,1201,1,2
1202,594,1,1202,1,2
1205,404,1,1205,1,2
1206,712,1,1206,1,2
1206,116,1,1206,1,2
1207,453,1,1207,1,2
1209,553,1,1209,1,2
1208,77,1,1208,1,2
1208,928,1,1208,1,2
1209,1010,1,1209,1,2
1212,715,1,1212,1,2
1211,341,1,1211,1,2
1210,906,1,1210,1,2
1211,173,1,1211,1,2
1211,375,1,1211,1,2
1213,242,1,1213,1,2
1212,860,1,1212,1,2
1216,286,1,1216,1,2
1217,525,1,1217,1,2
1217,32,1,1217,1,2
1221,992,1,1221,1,2
1220,423,1,1220,1,2
1223,794,1,1223,1,2
1227,600,1,1227,1,2
1222,547,1,1222,1,2
1222,424,1,1222,1,2
1222,974,1,1222,1,2
1223,67,1,1223,1,2
1226,358,1,1226,1,2
1226,735,1,1226,1,2
1228,212,1,1228,1,2
1225,722,1,1225,1,2
1225,764,1,1225,1,2
1232,511,1,1232,1,2
1229,634,1,1229,1,2
1229,388,1,1229,1,2
1230,446,1,1230,1,2
1233,967,1,1233,1,2
1234,329,1,1234,1,2
1234,919,1,1234,1,2
1234,821,1,1234,1,2
1234,764,1,1234,1,2
1236,433,1,1236,1,2
1235,974,1,1235,1,2
1240,40,1,1240,1,2
1239,385,1,1239,1,2
1246,44,1,1246,1,2
1243,799,1,1243,1,2
1246,981,1,1246,1,2
1250,53,1,1250,1,2
1244,924,1,1244,1,2
1251,759,1,1251,1,2
1240,743,1,1240,1,2
1238,422,1,1238,1,2
1238,366,1,1238,1,2
1239,71,1,1239,1,2
1239,195,1,1239,1,2
1255,457,1,1255,1,2
1241,1015,1,1241,1,2
1241,548,1,1241,1,2
1241,754,1,1241,1,2
1242,105,1,1242,1,2
1257,235,1,1257,1,2
1249,139,1,1249,1,2
1249,78,1,1249,1,2
1249,662,1,1249,1,2
1248,320,1,1248,1,2
1248,379,1,1248,1,2
1260,934,1,1260,1,2
1253,332,1,1253,1,2
1253,42,1,1253,1,2
1252,775,1,1252,1,2
1262,372,1,1262,1,2
1259,496,1,1259,1,2
1258,649,1,1258,1,2
1258,860,1,1258,1,2
1264,1010,1,1264,1,2
1261,243,1,1261,1,2
1261,754,1,1261,1,2
1261,668,1,1261,1,2
1263,780,1,1263,1,2
1263,230,1,1263,1,2
1267,671,1,1267,1,2
1266,953,1,1266,1,2
1264,71,1,1264,1,2
1264,45,1,1264,1,2
1263,1016,1,1263,1,2
1266,605,1,1266,1,2
1266,306,1,1266,1,2
1266,767,1,1266,1,2
1270,1029,1,1270,1,2
1271,370,1,1271,1,2
1268,795,1,1268,1,2
1268,938,1,1268,1,2
1267,977,1,1267,1,2
1268,167,1,1268,1,2
1268,654,1,1268,1,2
1275,989,1,1275,1,2
1274,214,1,1274,1,2
1274,376,1,1274,1,2
1272,484,1,1272,1,2
1271,1022,1,1271,1,2
1275,272,1,1275,1,2
1274,785,1,1274,1,2
1277,266,1,1277,1,2
1276,1008,1,1276,1,2
1276,675,1,1276,1,2
1278,1049,1,1278,1,2
1280,490,1,1280,1,2
1280,90,1,1280,1,2
1284,202,1,1284,1,2
1285,407,1,1285,1,2
1287,196,1,1287,1,2
1286,1039,1,1286,1,2
1286,413,1,1286,1,2
1286,680,1,1286,1,2
1286,585,1,1286,1,2
1288,203,1,1288,1,2
1289,341,1,1289,1,2
1291,788,1,1291,1,2
1291,684,1,1291,1,2
1291,71,1,1291,1,2
1294,769,1,1294,1,2
1292,456,1,1292,1,2
1293,103,1,1293,1,2
1292,1035,1,1292,1,2
1299,1031,1,1299,1,2
1300,269,1,1300,1,2
1300,315,1,1300,1,2
1301,999,1,1301,1,2
1303,1033,1,1303,1,2
1303,690,1,1303,1,2
1304,992,1,1304,1,2
1306,573,1,1306,1,2
1305,835,1,1305,1,2
1309,996,1,1309,1,2
1309,1044,1,1309,1,2
1313,1040,1,1313,1,2
1313,1046,1,1313,1,2
1314,630,1,1314,1,2
1317,697,1,1317,1,2
1321,699,1,1321,1,2
1315,802,1,1315,1,2
1315,853,1,1315,1,2
1319,698,1,1319,1,2
1319,665,1,1319,1,2
1322,79,1,1322,1,2
1322,576,1,1322,1,2
1320,291,1,1320,1,2
1320,245,1,1320,1,2
1320,844,1,1320,1,2
1323,100,1,1323,1,2
1323,700,1,1323,1,2
1324,577,1,1324,1,2
1326,1006,1,1326,1,2
1325,701,1,1325,1,2
1326,212,1,1326,1,2
1326,376,1,1326,1,2
1327,859,1,1327,1,2
1334,70,1,1334,1,2
1331,849,1,1331,1,2
1336,477,1,1336,1,2
1329,584,1,1329,1,2
1330,214,1,1330,1,2
1329,433,1,1329,1,2
1335,312,1,1335,1,2
1335,430,1,1335,1,2
1338,707,1,1338,1,2
1339,606,1,1339,1,2
1340,746,1,1340,1,2
1341,108,1,1341,1,2
1340,817,1,1340,1,2
1342,1018,1,1342,1,2
1343,102,1,1343,1,2
1345,194,1,1345,1,2
1346,610,1,1346,1,2
1346,881,1,1346,1,2
1352,924,1,1352,1,2
1353,592,1,1353,1,2
1354,94,1,1354,1,2
1354,961,1,1354,1,2
1350,382,1,1350,1,2
1350,1024,1,1350,1,2
1350,632,1,1350,1,2
1357,427,1,1357,1,2
1356,886,1,1356,1,2
1358,256,1,1358,1,2
1358,853,1,1358,1,2
1359,241,1,1359,1,2
1359,658,1,1359,1,2
1360,479,1,1360,1,2
1359,876,1,1359,1,2
1361,64,1,1361,1,2
1363,265,1,1363,1,2
1362,889,1,1362,1,2
1366,586,1,1366,1,2
1367,141,1,1367,1,2
1368,683,1,1368,1,2
1371,365,1,1371,1,2
1369,614,1,1369,1,2
1369,1002,1,1369,1,2
1377,726,1,1377,1,2
1374,123,1,1374,1,2
1379,208,1,1379,1,2
1379,600,1,1379,1,2
1374,1015,1,1374,1,2
1375,254,1,1375,1,2
1375,725,1,1375,1,2
1372,554,1,1372,1,2
1372,401,1,1372,1,2
1372,246,1,1372,1,2
1372,642,1,1372,1,2
1380,728,1,1380,1,2
1381,400,1,1381,1,2
1381,828,1,1381,1,2
1382,54,1,1382,1,2
1380,248,1,1380,1,2
1379,672,1,1379,1,2
1380,85,1,1380,1,2
1383,582,1,1383,1,2
1384,139,1,1384,1,2
1384,1034,1,1384,1,2
1385,266,1,1385,1,2
1389,369,1,1389,1,2
1389,673,1,1389,1,2
1393,894,1,1393,1,2
1395,389,1,1395,1,2
1389,94,1,1389,1,2
1396,356,1,1396,1,2
1400,256,1,1400,1,2
1400,487,1,1400,1,2
1397,456,1,1397,1,2
1397,463,1,1397,1,2
1403,1022,1,1403,1,2
1390,233,1,1390,1,2
1390,452,1,1390,1,2
1390,458,1,1390,1,2
1398,237,1,1398,1,2
1397,678,1,1397,1,2
1397,897,1,1397,1,2
1391,644,1,1391,1,2
1391,674,1,1391,1,2
1400,934,1,1400,1,2
1401,277,1,1401,1,2
1387,418,1,1387,1,2
1387,1026,1,1387,1,2
1387,942,1,1387,1,2
1387,649,1,1387,1,2
1401,622,1,1401,1,2
1402,257,1,1402,1,2
1402,552,1,1402,1,2
1403,221,1,1403,1,2
1405,766,1,1405,1,2
1405,810,1,1405,1,2
1407,213,1,1407,1,2
1408,48,1,1408,1,2
1412,49,1,1412,1,2
1410,462,1,1410,1,2
1408,385,1,1408,1,2
1408,300,1,1408,1,2
1411,101,1,1411,1,2
1414,290,1,1414,1,2
1414,641,1,1414,1,2
1415,524,1,1415,1,2
1414,772,1,1414,1,2
1420,374,1,1420,1,2
1416,749,1,1416,1,2
1417,99,1,1417,1,2
1418,636,1,1418,1,2
1419,79,1,1419,1,2
1423,257,1,1423,1,2
1416,415,1,1416,1,2
1416,491,1,1416,1,2
1418,254,1,1418,1,2
1418,361,1,1418,1,2
1422,975,1,1422,1,2
1427,259,1,1427,1,2
1428,106,1,1428,1,2
1420,595,1,1420,1,2
1421,288,1,1421,1,2
1420,637,1,1420,1,2
1425,258,1,1425,1,2
1425,152,1,1425,1,2
1426,387,1,1426,1,2
1429,238,1,1429,1,2
1431,107,1,1431,1,2
1430,138,1,1430,1,2
1433,557,1,1433,1,2
1433,338,1,1433,1,2
1432,130,1,1432,1,2
1435,658,1,1435,1,2
1438,545,1,1438,1,2
1441,259,1,1441,1,2
1439,998,1,1439,1,2
1441,175,1,1441,1,2
1441,196,1,1441,1,2
1441,241,1,1441,1,2
1443,919,1,1443,1,2
1443,992,1,1443,1,2
1445,421,1,1445,1,2
1444,554,1,1444,1,2
1444,984,1,1444,1,2
1446,191,1,1446,1,2
1446,562,1,1446,1,2
1448,100,1,1448,1,2
1447,70,1,1447,1,2
1447,606,1,1447,1,2
1449,616,1,1449,1,2
1450,972,1,1450,1,2
1451,179,1,1451,1,2
1450,202,1,1450,1,2
1449,1048,1,1449,1,2
1452,923,1,1452,1,2
1452,988,1,1452,1,2
1455,611,1,1455,1,2
1455,513,1,1455,1,2
1455,990,1,1455,1,2
1457,115,1,1457,1,2
1459,146,1,1459,1,2
1460,520,1,1460,1,2
1460,240,1,1460,1,2
1460,929,1,1460,1,2
1459,433,1,1459,1,2
1459,397,1,1459,1,2
1461,1048,1,1461,1,2
1461,776,1,1461,1,2
1463,630,1,1463,1,2
1464,459,1,1464,1,2
1466,250,1,1466,1,2
1465,370,1,1465,1,2
1465,840,1,1465,1,2
1469,1014,1,1469,1,2
1468,707,1,1468,1,2
1474,51,1,1474,1,2
1469,729,1,1469,1,2
1467,119,1,1467,1,2
1467,416,1,1467,1,2
1471,126,1,1471,1,2
1470,1007,1,1470,1,2
1471,679,1,1471,1,2
1471,640,1,1471,1,2
1475,970,1,1475,1,2
1477,89,1,1477,1,2
1475,230,1,1475,1,2
1474,488,1,1474,1,2
1477,761,1,1477,1,2
1477,705,1,1477,1,2
1478,102,1,1478,1,2
1478,329,1,1478,1,2
1479,494,1,1479,1,2
1479,1010,1,1479,1,2
1484,159,1,1484,1,2
1487,633,1,1487,1,2
1491,98,1,1491,1,2
1486,555,1,1486,1,2
1486,354,1,1486,1,2
1486,505,1,1486,1,2
1492,744,1,1492,1,2
1493,165,1,1493,1,2
1492,769,1,1492,1,2
1496,387,1,1496,1,2
1496,657,1,1496,1,2
1501,932,1,1501,1,2
1502,698,1,1502,1,2
1499,748,1,1499,1,2
1499,985,1,1499,1,2
1499,680,1,1499,1,2
1504,568,1,1504,1,2
1507,457,1,1507,1,2
1506,736,1,1506,1,2
1508,490,1,1508,1,2
1508,433,1,1508,1,2
1514,556,1,1514,1,2
1516,153,1,1516,1,2
1520,128,1,1520,1,2
1522,90,1,1522,1,2
1526,165,1,1526,1,2
1518,586,1,1518,1,2
1520,1001,1,1520,1,2
1521,227,1,1521,1,2
1527,499,1,1527,1,2
1529,749,1,1529,1,2
1529,159,1,1529,1,2
1531,426,1,1531,1,2
1531,134,1,1531,1,2
1533,984,1,1533,1,2
1535,962,1,1535,1,2
1538,149,1,1538,1,2
1545,978,1,1545,1,2
1545,532,1,1545,1,2
1544,157,1,1544,1,2
1543,90,1,1543,1,2
1543,593,1,1543,1,2
1546,843,1,1546,1,2
1547,393,1,1547,1,2
1547,482,1,1547,1,2
1549,357,1,1549,1,2
1549,319,1,1549,1,2
1542,254,1,1542,1,2
1542,424,1,1542,1,2
1542,156,1,1542,1,2
1539,693,1,1539,1,2
1539,171,1,1539,1,2
1539,467,1,1539,1,2
1538,1034,1,1538,1,2
1538,975,1,1538,1,2
1550,554,1,1550,1,2
1551,259,1,1551,1,2
1552,563,1,1552,1,2
1553,1033,1,1553,1,2
1554,371,1,1554,1,2
1555,340,1,1555,1,2
1560,492,1,1560,1,2
1557,558,1,1557,1,2
1559,471,1,1559,1,2
1559,769,1,1559,1,2
1562,319,1,1562,1,2
1565,402,1,1565,1,2
1571,706,1,1571,1,2
1570,435,1,1570,1,2
1569,331,1,1569,1,2
1569,468,1,1569,1,2
1576,811,1,1576,1,2
1566,495,1,1566,1,2
1566,995,1,1566,1,2
1566,641,1,1566,1,2
1578,1049,1,1578,1,2
1577,500,1,1577,1,2
1582,441,1,1582,1,2
1574,319,1,1574,1,2
1574,584,1,1574,1,2
1578,409,1,1578,1,2
1578,298,1,1578,1,2
1580,126,1,1580,1,2
1579,724,1,1579,1,2
1585,281,1,1585,1,2
1584,491,1,1584,1,2
1583,686,1,1583,1,2
1583,945,1,1583,1,2
1586,708,1,1586,1,2
1588,437,1,1588,1,2
1589,155,1,1589,1,2
1586,173,1,1586,1,2
1592,342,1,1592,1,2
1592,480,1,1592,1,2
1591,110,1,1591,1,2
1591,753,1,1591,1,2
1593,855,1,1593,1,2
1593,754,1,1593,1,2
1594,1023,1,1594,1,2
1594,111,1,1594,1,2
1598,739,1,1598,1,2
1596,156,1,1596,1,2
1596,77,1,1596,1,2
1596,765,1,1596,1,2
1600,314,1,1600,1,2
1600,740,1,1600,1,2
1601,752,1,1601,1,2
1603,753,1,1603,1,2
1605,136,1,1605,1,2
1604,354,1,1604,1,2
1605,825,1,1605,1,2
1605,556,1,1605,1,2
1602,1038,1,1602,1,2
1603,143,1,1603,1,2
1603,389,1,1603,1,2
1609,654,1,1609,1,2
1611,734,1,1611,1,2
1612,203,1,1612,1,2
1612,350,1,1612,1,2
1613,966,1,1613,1,2
1615,707,1,1615,1,2
1620,982,1,1620,1,2
1618,1044,1,1618,1,2
1619,321,1,1619,1,2
1617,336,1,1617,1,2
1622,768,1,1622,1,2
1626,336,1,1626,1,2
1625,518,1,1625,1,2
1625,423,1,1625,1,2
1633,1011,1,1633,1,2
1625,136,1,1625,1,2
1634,756,1,1634,1,2
1634,723,1,1634,1,2
1627,859,1,1627,1,2
1627,453,1,1627,1,2
1636,977,1,1636,1,2
1637,159,1,1637,1,2
1635,862,1,1635,1,2
1638,474,1,1638,1,2
1637,774,1,1637,1,2
1633,194,1,1633,1,2
1633,711,1,1633,1,2
1623,835,1,1623,1,2
1623,751,1,1623,1,2
1623,799,1,1623,1,2
1632,570,1,1632,1,2
1632,175,1,1632,1,2
1632,88,1,1632,1,2
1632,755,1,1632,1,2
1631,766,1,1631,1,2
1631,690,1,1631,1,2
1631,748,1,1631,1,2
1639,769,1,1639,1,2
1642,929,1,1642,1,2
1645,231,1,1645,1,2
1645,760,1,1645,1,2
1645,367,1,1645,1,2
1646,509,1,1646,1,2
1646,320,1,1646,1,2
1648,78,1,1648,1,2
1647,1009,1,1647,1,2
1651,534,1,1651,1,2
1651,649,1,1651,1,2
1654,252,1,1654,1,2
1659,937,1,1659,1,2
1656,770,1,1656,1,2
1661,247,1,1661,1,2
1664,877,1,1664,1,2
1660,693,1,1660,1,2
1660,780,1,1660,1,2
1663,388,1,1663,1,2
1663,805,1,1663,1,2
1658,713,1,1658,1,2
1658,771,1,1658,1,2
1658,874,1,1658,1,2
1669,854,1,1669,1,2
1670,803,1,1670,1,2
1672,585,1,1672,1,2
1671,809,1,1671,1,2
1673,893,1,1673,1,2
1674,615,1,1674,1,2
1674,1000,1,1674,1,2
1675,39,1,1675,1,2
1680,750,1,1680,1,2
1680,886,1,1680,1,2
1682,887,1,1682,1,2
1682,1019,1,1682,1,2
1676,756,1,1676,1,2
1676,648,1,1676,1,2
1676,501,1,1676,1,2
1676,1017,1,1676,1,2
1685,229,1,1685,1,2
1687,429,1,1687,1,2
1688,973,1,1688,1,2
1689,393,1,1689,1,2
1690,1049,1,1690,1,2
1690,891,1,1690,1,2
1693,865,1,1693,1,2
1699,652,1,1699,1,2
1700,953,1,1700,1,2
1698,247,1,1698,1,2
1694,712,1,1694,1,2
1694,470,1,1694,1,2
1703,1035,1,1703,1,2
1709,912,1,1709,1,2
1706,313,1,1706,1,2
1707,251,1,1707,1,2
1711,315,1,1711,1,2
1711,330,1,1711,1,2
1708,872,1,1708,1,2
1711,828,1,1711,1,2
1712,253,1,1712,1,2
1715,479,1,1715,1,2
1707,851,1,1707,1,2
1708,361,1,1708,1,2
1708,639,1,1708,1,2
1705,602,1,1705,1,2
1705,743,1,1705,1,2
1705,772,1,1705,1,2
1712,1027,1,1712,1,2
1713,829,1,1713,1,2
1714,42,1,1714,1,2
1719,426,1,1719,1,2
1721,419,1,1721,1,2
1720,511,1,1720,1,2
1720,368,1,1720,1,2
1718,917,1,1718,1,2
1718,600,1,1718,1,2
1723,602,1,1723,1,2
1723,723,1,1723,1,2
1723,832,1,1723,1,2
1724,208,1,1724,1,2
1724,596,1,1724,1,2
1728,826,1,1728,1,2
1727,330,1,1727,1,2
1728,229,1,1728,1,2
1728,388,1,1728,1,2
1727,626,1,1727,1,2
1724,994,1,1724,1,2
1725,363,1,1725,1,2
1725,603,1,1725,1,2
1725,476,1,1725,1,2
1730,633,1,1730,1,2
1732,52,1,1732,1,2
1726,218,1,1726,1,2
1725,749,1,1725,1,2
1726,558,1,1726,1,2
1729,910,1,1729,1,2
1729,923,1,1729,1,2
1732,822,1,1732,1,2
1732,451,1,1732,1,2
1736,554,1,1736,1,2
1737,49,1,1737,1,2
1733,652,1,1733,1,2
1734,70,1,1734,1,2
1734,608,1,1734,1,2
1735,46,1,1735,1,2
1735,367,1,1735,1,2
1735,1045,1,1735,1,2
1743,49,1,1743,1,2
1743,918,1,1743,1,2
1737,423,1,1737,1,2
1738,490,1,1738,1,2
1740,459,1,1740,1,2
1740,603,1,1740,1,2
1747,633,1,1747,1,2
1750,188,1,1750,1,2
1739,508,1,1739,1,2
1739,41,1,1739,1,2
1739,805,1,1739,1,2
1746,805,1,1746,1,2
1746,612,1,1746,1,2
1742,684,1,1742,1,2
1742,501,1,1742,1,2
1742,618,1,1742,1,2
1750,654,1,1750,1,2
1754,282,1,1754,1,2
1753,359,1,1753,1,2
1758,668,1,1758,1,2
1757,762,1,1757,1,2
1757,370,1,1757,1,2
1757,641,1,1757,1,2
1757,654,1,1757,1,2
1755,480,1,1755,1,2
1755,616,1,1755,1,2
1755,84,1,1755,1,2
1760,376,1,1760,1,2
1759,834,1,1759,1,2
1759,313,1,1759,1,2
1761,740,1,1761,1,2
1761,815,1,1761,1,2
1762,393,1,1762,1,2
1766,767,1,1766,1,2
1765,216,1,1765,1,2
1764,1039,1,1764,1,2
1765,503,1,1765,1,2
1767,622,1,1767,1,2
1768,388,1,1768,1,2
1770,783,1,1770,1,2
1772,366,1,1772,1,2
1771,359,1,1771,1,2
1771,1023,1,1771,1,2
1773,863,1,1773,1,2
1773,124,1,1773,1,2
1778,647,1,1778,1,2
1775,507,1,1775,1,2
1775,674,1,1775,1,2
1776,787,1,1776,1,2
1778,1015,1,1778,1,2
1780,1004,1,1780,1,2
1780,512,1,1780,1,2
1782,246,1,1782,1,2
1776,1025,1,1776,1,2
1777,86,1,1777,1,2
1785,609,1,1785,1,2
1785,87,1,1785,1,2
1784,147,1,1784,1,2
1784,108,1,1784,1,2
1783,936,1,1783,1,2
1788,962,1,1788,1,2
1788,534,1,1788,1,2
1793,915,1,1793,1,2
1789,642,1,1789,1,2
1789,247,1,1789,1,2
1789,674,1,1789,1,2
1789,681,1,1789,1,2
1789,939,1,1789,1,2
1791,405,1,1791,1,2
1791,141,1,1791,1,2
1795,615,1,1795,1,2
1796,637,1,1796,1,2
1792,352,1,1792,1,2
1792,89,1,1792,1,2
1792,398,1,1792,1,2
1797,443,1,1797,1,2
1797,258,1,1797,1,2
1799,460,1,1799,1,2
1801,703,1,1801,1,2
1801,1040,1,1801,1,2
1803,693,1,1803,1,2
1802,578,1,1802,1,2
1807,849,1,1807,1,2
1807,871,1,1807,1,2
1800,821,1,1800,1,2
1800,686,1,1800,1,2
1801,134,1,1801,1,2
1801,253,1,1801,1,2
1809,581,1,1809,1,2
1805,694,1,1805,1,2
1806,249,1,1806,1,2
1805,511,1,1805,1,2
1810,811,1,1810,1,2
1810,690,1,1810,1,2
1804,644,1,1804,1,2
1804,815,1,1804,1,2
1804,591,1,1804,1,2
1812,91,1,1812,1,2
1812,102,1,1812,1,2
1816,258,1,1816,1,2
1816,91,1,1816,1,2
1816,584,1,1816,1,2
1816,721,1,1816,1,2
1818,804,1,1818,1,2
1818,259,1,1818,1,2
1818,596,1,1818,1,2
1818,108,1,1818,1,2
1822,587,1,1822,1,2
1822,646,1,1822,1,2
1820,805,1,1820,1,2
1820,660,1,1820,1,2
1821,131,1,1821,1,2
1821,853,1,1821,1,2
1821,695,1,1821,1,2
1824,598,1,1824,1,2
1824,979,1,1824,1,2
1824,878,1,1824,1,2
1826,287,1,1826,1,2
1826,807,1,1826,1,2
1829,262,1,1829,1,2
1833,590,1,1833,1,2
1833,652,1,1833,1,2
1830,305,1,1830,1,2
1830,406,1,1830,1,2
1830,721,1,1830,1,2
1833,960,1,1833,1,2
1834,762,1,1834,1,2
1832,365,1,1832,1,2
1832,839,1,1832,1,2
1832,809,1,1832,1,2
1835,973,1,1835,1,2
1840,905,1,1840,1,2
1837,450,1,1837,1,2
1836,985,1,1836,1,2
1837,291,1,1837,1,2
1837,259,1,1837,1,2
1836,962,1,1836,1,2
1836,1040,1,1836,1,2
1845,978,1,1845,1,2
1842,371,1,1842,1,2
1842,823,1,1842,1,2
1842,906,1,1842,1,2
1844,824,1,1844,1,2
1844,334,1,1844,1,2
1849,443,1,1849,1,2
1847,787,1,1847,1,2
1846,207,1,1846,1,2
1846,108,1,1846,1,2
1846,321,1,1846,1,2
1843,717,1,1843,1,2
1844,93,1,1844,1,2
1843,1022,1,1843,1,2
1849,1024,1,1849,1,2
1848,891,1,1848,1,2
1848,223,1,1848,1,2
1848,825,1,1848,1,2
1853,95,1,1853,1,2
1852,815,1,1852,1,2
1855,296,1,1855,1,2
1855,524,1,1855,1,2
1851,123,1,1851,1,2
1851,754,1,1851,1,2
1851,826,1,1851,1,2
1859,662,1,1859,1,2
1858,101,1,1858,1,2
1857,829,1,1857,1,2
1858,134,1,1858,1,2
1861,715,1,1861,1,2
1862,120,1,1862,1,2
1861,897,1,1861,1,2
1862,323,1,1862,1,2
1866,603,1,1866,1,2
1863,637,1,1863,1,2
1863,197,1,1863,1,2
1865,658,1,1865,1,2
1869,626,1,1869,1,2
1869,597,1,1869,1,2
1867,102,1,1867,1,2
1868,633,1,1868,1,2
1868,129,1,1868,1,2
1868,604,1,1868,1,2
1870,716,1,1870,1,2
1875,734,1,1875,1,2
1873,733,1,1873,1,2
1874,514,1,1874,1,2
1875,225,1,1875,1,2
1874,606,1,1874,1,2
1878,806,1,1878,1,2
1879,284,1,1879,1,2
1877,695,1,1877,1,2
1877,551,1,1877,1,2
1877,876,1,1877,1,2
1879,1005,1,1879,1,2
1880,98,1,1880,1,2
1884,828,1,1884,1,2
1888,220,1,1888,1,2
1889,934,1,1889,1,2
1889,831,1,1889,1,2
1889,883,1,1889,1,2
1886,358,1,1886,1,2
1886,804,1,1886,1,2
1886,896,1,1886,1,2
1889,392,1,1889,1,2
1889,328,1,1889,1,2
1889,501,1,1889,1,2
1889,364,1,1889,1,2
1889,750,1,1889,1,2
1889,612,1,1889,1,2
69,655,1,69,1,3
48,697,1,48,1,3
62,662,1,62,1,3
94,755,1,94,1,3
55,691,1,55,1,3
55,1003,1,55,1,3
58,110,1,58,1,3
64,995,1,64,1,3
51,521,1,51,1,3
51,436,1,51,1,3
49,1011,1,49,1,3
49,461,1,49,1,3
77,525,1,77,1,3
108,765,1,108,1,3
103,209,1,103,1,3
111,147,1,111,1,3
109,340,1,109,1,3
74,533,1,74,1,3
59,181,1,59,1,3
58,1016,1,58,1,3
87,695,1,87,1,3
100,886,1,100,1,3
90,282,1,90,1,3
90,305,1,90,1,3
105,1018,1,105,1,3
78,222,1,78,1,3
102,53,1,102,1,3
102,234,1,102,1,3
122,697,1,122,1,3
80,654,1,80,1,3
80,689,1,80,1,3
110,327,1,110,1,3
110,766,1,110,1,3
106,458,1,106,1,3
118,804,1,118,1,3
125,523,1,125,1,3
125,281,1,125,1,3
113,792,1,113,1,3
113,414,1,113,1,3
96,451,1,96,1,3
95,913,1,95,1,3
80,871,1,80,1,3
81,167,1,81,1,3
81,307,1,81,1,3
76,534,1,76,1,3
75,980,1,75,1,3
121,607,1,121,1,3
121,903,1,121,1,3
115,274,1,115,1,3
115,431,1,115,1,3
115,466,1,115,1,3
133,816,1,133,1,3
131,456,1,131,1,3
141,822,1,141,1,3
139,247,1,139,1,3
135,835,1,135,1,3
171,775,1,171,1,3
130,553,1,130,1,3
137,188,1,137,1,3
155,83,1,155,1,3
154,149,1,154,1,3
142,341,1,142,1,3
160,381,1,160,1,3
173,845,1,173,1,3
133,329,1,133,1,3
133,534,1,133,1,3
149,744,1,149,1,3
134,934,1,134,1,3
135,328,1,135,1,3
147,467,1,147,1,3
179,747,1,179,1,3
149,946,1,149,1,3
162,628,1,162,1,3
143,709,1,143,1,3
144,113,1,144,1,3
182,853,1,182,1,3
151,105,1,151,1,3
151,734,1,151,1,3
183,381,1,183,1,3
202,344,1,202,1,3
156,851,1,156,1,3
179,56,1,179,1,3
191,580,1,191,1,3
209,702,1,209,1,3
187,815,1,187,1,3
157,952,1,157,1,3
157,835,1,157,1,3
212,810,1,212,1,3
216,838,1,216,1,3
168,247,1,168,1,3
177,792,1,177,1,3
178,281,1,178,1,3
193,448,1,193,1,3
196,528,1,196,1,3
196,648,1,196,1,3
189,306,1,189,1,3
189,553,1,189,1,3
206,80,1,206,1,3
184,656,1,184,1,3
170,571,1,170,1,3
169,861,1,169,1,3
190,215,1,190,1,3
189,752,1,189,1,3
210,969,1,210,1,3
211,379,1,211,1,3
211,391,1,211,1,3
193,931,1,193,1,3
194,385,1,194,1,3
215,874,1,215,1,3
194,841,1,194,1,3
208,694,1,208,1,3
207,902,1,207,1,3
209,167,1,209,1,3
208,951,1,208,1,3
219,713,1,219,1,3
223,608,1,223,1,3
227,101,1,227,1,3
241,453,1,241,1,3
239,324,1,239,1,3
233,284,1,233,1,3
229,776,1,229,1,3
225,692,1,225,1,3
225,468,1,225,1,3
247,363,1,247,1,3
235,850,1,235,1,3
235,711,1,235,1,3
234,461,1,234,1,3
238,658,1,238,1,3
246,589,1,246,1,3
244,911,1,244,1,3
245,466,1,245,1,3
237,888,1,237,1,3
237,109,1,237,1,3
240,797,1,240,1,3
240,542,1,240,1,3
251,69,1,251,1,3
250,862,1,250,1,3
236,806,1,236,1,3
237,95,1,237,1,3
236,396,1,236,1,3
236,352,1,236,1,3
251,916,1,251,1,3
257,743,1,257,1,3
266,942,1,266,1,3
265,415,1,265,1,3
254,419,1,254,1,3
258,474,1,258,1,3
258,404,1,258,1,3
275,754,1,275,1,3
259,744,1,259,1,3
259,81,1,259,1,3
253,429,1,253,1,3
253,724,1,253,1,3
282,512,1,282,1,3
285,605,1,285,1,3
290,778,1,290,1,3
274,496,1,274,1,3
269,95,1,269,1,3
260,763,1,260,1,3
279,690,1,279,1,3
279,740,1,279,1,3
301,651,1,301,1,3
287,401,1,287,1,3
297,591,1,297,1,3
297,819,1,297,1,3
300,457,1,300,1,3
303,249,1,303,1,3
281,565,1,281,1,3
284,939,1,284,1,3
305,986,1,305,1,3
299,561,1,299,1,3
299,90,1,299,1,3
305,336,1,305,1,3
283,226,1,283,1,3
283,235,1,283,1,3
283,270,1,283,1,3
282,773,1,282,1,3
308,988,1,308,1,3
306,953,1,306,1,3
307,787,1,307,1,3
307,683,1,307,1,3
307,843,1,307,1,3
309,460,1,309,1,3
309,207,1,309,1,3
310,1029,1,310,1,3
313,451,1,313,1,3
317,808,1,317,1,3
321,781,1,321,1,3
319,679,1,319,1,3
316,92,1,316,1,3
321,238,1,321,1,3
325,974,1,325,1,3
324,899,1,324,1,3
328,383,1,328,1,3
336,790,1,336,1,3
337,198,1,337,1,3
326,985,1,326,1,3
332,69,1,332,1,3
331,98,1,331,1,3
331,712,1,331,1,3
333,206,1,333,1,3
330,586,1,330,1,3
330,475,1,330,1,3
351,729,1,351,1,3
350,1000,1,350,1,3
353,730,1,353,1,3
356,803,1,356,1,3
352,346,1,352,1,3
360,459,1,360,1,3
348,560,1,348,1,3
348,999,1,348,1,3
348,596,1,348,1,3
341,488,1,341,1,3
341,612,1,341,1,3
341,670,1,341,1,3
342,209,1,342,1,3
356,146,1,356,1,3
339,992,1,339,1,3
339,889,1,339,1,3
340,439,1,340,1,3
340,462,1,340,1,3
349,495,1,349,1,3
349,553,1,349,1,3
349,798,1,349,1,3
368,810,1,368,1,3
367,117,1,367,1,3
367,355,1,367,1,3
372,245,1,372,1,3
375,815,1,375,1,3
379,73,1,379,1,3
373,1033,1,373,1,3
374,172,1,374,1,3
377,201,1,377,1,3
384,626,1,384,1,3
380,266,1,380,1,3
380,115,1,380,1,3
380,843,1,380,1,3
380,863,1,380,1,3
386,822,1,386,1,3
391,940,1,391,1,3
387,127,1,387,1,3
394,78,1,394,1,3
390,46,1,390,1,3
396,573,1,396,1,3
400,763,1,400,1,3
400,904,1,400,1,3
402,832,1,402,1,3
407,349,1,407,1,3
408,168,1,408,1,3
412,237,1,412,1,3
417,339,1,417,1,3
417,352,1,417,1,3
414,839,1,414,1,3
418,866,1,418,1,3
429,957,1,425,1,3
430,548,1,424,1,3
422,778,1,422,1,3
426,846,1,426,1,3
427,769,1,427,1,3
437,880,1,437,1,3
444,899,1,444,1,3
423,333,1,423,1,3
439,114,1,439,1,3
444,761,1,444,1,3
436,320,1,436,1,3
437,155,1,437,1,3
447,163,1,447,1,3
449,273,1,449,1,3
455,696,1,455,1,3
455,704,1,455,1,3
448,307,1,448,1,3
454,714,1,454,1,3
454,723,1,454,1,3
454,735,1,454,1,3
459,1012,1,459,1,3
458,264,1,458,1,3
459,404,1,459,1,3
457,964,1,457,1,3
462,293,1,462,1,3
467,301,1,467,1,3
470,985,1,470,1,3
471,917,1,471,1,3
473,373,1,473,1,3
477,278,1,477,1,3
475,1025,1,475,1,3
489,489,1,489,1,3
486,92,1,486,1,3
492,262,1,492,1,3
496,787,1,496,1,3
494,228,1,494,1,3
506,782,1,506,1,3
500,910,1,500,1,3
501,253,1,501,1,3
507,1008,1,507,1,3
507,816,1,507,1,3
510,244,1,510,1,3
513,127,1,513,1,3
511,916,1,511,1,3
514,208,1,514,1,3
514,253,1,514,1,3
519,235,1,519,1,3
522,853,1,522,1,3
521,777,1,521,1,3
524,1023,1,524,1,3
532,605,1,532,1,3
524,230,1,524,1,3
535,60,1,535,1,3
537,842,1,537,1,3
537,730,1,537,1,3
546,74,1,546,1,3
536,217,1,536,1,3
536,186,1,536,1,3
554,199,1,554,1,3
555,210,1,555,1,3
552,889,1,552,1,3
557,209,1,557,1,3
560,979,1,560,1,3
563,159,1,563,1,3
565,188,1,565,1,3
567,94,1,567,1,3
567,1009,1,567,1,3
571,182,1,571,1,3
574,976,1,574,1,3
578,490,1,578,1,3
582,248,1,582,1,3
597,921,1,597,1,3
596,91,1,596,1,3
596,744,1,596,1,3
606,946,1,606,1,3
605,1029,1,605,1,3
606,340,1,606,1,3
610,873,1,610,1,3
614,818,1,614,1,3
622,813,1,622,1,3
629,942,1,629,1,3
631,888,1,631,1,3
634,580,1,634,1,3
640,950,1,640,1,3
646,936,1,646,1,3
654,967,1,654,1,3
651,903,1,651,1,3
656,968,1,656,1,3
659,878,1,659,1,3
667,881,1,667,1,3
664,870,1,664,1,3
665,828,1,665,1,3
665,947,1,665,1,3
668,985,1,668,1,3
672,155,1,672,1,3
672,969,1,672,1,3
679,975,1,679,1,3
692,596,1,692,1,3
690,878,1,690,1,3
681,976,1,681,1,3
681,860,1,681,1,3
694,357,1,694,1,3
704,73,1,704,1,3
698,969,1,698,1,3
699,50,1,699,1,3
691,813,1,691,1,3
691,914,1,691,1,3
691,982,1,691,1,3
714,95,1,714,1,3
705,990,1,705,1,3
713,946,1,713,1,3
722,592,1,722,1,3
707,151,1,707,1,3
704,1021,1,704,1,3
716,997,1,716,1,3
717,126,1,717,1,3
725,1002,1,725,1,3
727,71,1,727,1,3
738,281,1,738,1,3
746,177,1,746,1,3
749,985,1,749,1,3
750,89,1,750,1,3
762,964,1,762,1,3
766,108,1,766,1,3
770,45,1,770,1,3
774,160,1,774,1,3
777,112,1,777,1,3
780,1035,1,780,1,3
790,987,1,790,1,3
791,976,1,791,1,3
795,118,1,795,1,3
797,213,1,797,1,3
805,434,1,805,1,3
800,986,1,800,1,3
804,887,1,804,1,3
797,970,1,797,1,3
815,962,1,815,1,3
817,158,1,817,1,3
816,815,1,816,1,3
819,935,1,819,1,3
820,167,1,820,1,3
822,199,1,822,1,3
821,100,1,821,1,3
838,204,1,838,1,3
841,947,1,841,1,3
836,936,1,836,1,3
843,948,1,843,1,3
845,109,1,845,1,3
847,941,1,847,1,3
846,740,1,846,1,3
846,139,1,846,1,3
849,942,1,849,1,3
850,1025,1,850,1,3
854,944,1,854,1,3
856,945,1,856,1,3
863,801,1,863,1,3
868,413,1,868,1,3
870,235,1,870,1,3
872,842,1,872,1,3
878,216,1,878,1,3
876,237,1,876,1,3
880,217,1,880,1,3
882,297,1,882,1,3
889,459,1,889,1,3
891,220,1,891,1,3
894,221,1,894,1,3
895,962,1,895,1,3
903,847,1,903,1,3
897,44,1,897,1,3
899,76,1,899,1,3
898,1032,1,898,1,3
903,224,1,903,1,3
902,975,1,902,1,3
913,248,1,913,1,3
909,968,1,909,1,3
910,67,1,910,1,3
920,229,1,920,1,3
920,836,1,920,1,3
923,251,1,923,1,3
923,984,1,923,1,3
926,110,1,926,1,3
922,230,1,922,1,3
932,233,1,932,1,3
936,978,1,936,1,3
940,116,1,940,1,3
940,256,1,940,1,3
942,67,1,942,1,3
947,258,1,947,1,3
948,137,1,948,1,3
947,979,1,947,1,3
950,1009,1,950,1,3
960,122,1,960,1,3
969,976,1,969,1,3
971,975,1,971,1,3
973,135,1,973,1,3
979,591,1,979,1,3
985,67,1,985,1,3
987,193,1,987,1,3
989,194,1,989,1,3
989,271,1,989,1,3
990,974,1,990,1,3
990,964,1,990,1,3
991,272,1,991,1,3
1007,141,1,1007,1,3
1010,94,1,1010,1,3
1005,75,1,1005,1,3
1002,964,1,1002,1,3
1011,167,1,1011,1,3
1008,256,1,1008,1,3
1016,936,1,1016,1,3
1015,953,1,1015,1,3
1021,940,1,1021,1,3
1018,212,1,1018,1,3
1018,80,1,1018,1,3
1023,964,1,1023,1,3
1031,886,1,1031,1,3
1033,587,1,1033,1,3
1032,884,1,1032,1,3
1035,959,1,1035,1,3
1041,554,1,1041,1,3
1045,848,1,1045,1,3
1053,859,1,1053,1,3
1054,891,1,1054,1,3
1059,903,1,1059,1,3
1062,532,1,1062,1,3
1064,1021,1,1064,1,3
1067,132,1,1067,1,3
1068,50,1,1068,1,3
1073,193,1,1073,1,3
1071,275,1,1071,1,3
1072,283,1,1072,1,3
1078,710,1,1078,1,3
1083,523,1,1083,1,3
1087,155,1,1087,1,3
1084,190,1,1084,1,3
1097,250,1,1097,1,3
1085,763,1,1085,1,3
1095,709,1,1095,1,3
1090,59,1,1090,1,3
1102,727,1,1102,1,3
1105,303,1,1105,1,3
1105,950,1,1105,1,3
1106,199,1,1106,1,3
1115,307,1,1115,1,3
1117,230,1,1117,1,3
1116,264,1,1116,1,3
1125,586,1,1125,1,3
1122,883,1,1122,1,3
1129,415,1,1129,1,3
1131,247,1,1131,1,3
1137,172,1,1137,1,3
1137,635,1,1137,1,3
1138,356,1,1138,1,3
1138,240,1,1138,1,3
1144,166,1,1144,1,3
1145,366,1,1145,1,3
1149,514,1,1149,1,3
1153,376,1,1153,1,3
1146,326,1,1146,1,3
1154,731,1,1154,1,3
1152,489,1,1152,1,3
1150,822,1,1150,1,3
1150,760,1,1150,1,3
1161,538,1,1161,1,3
1162,468,1,1162,1,3
1164,94,1,1164,1,3
1162,965,1,1162,1,3
1163,135,1,1163,1,3
1168,85,1,1168,1,3
1166,661,1,1166,1,3
1164,956,1,1164,1,3
1164,769,1,1164,1,3
1164,912,1,1164,1,3
1169,339,1,1169,1,3
1169,588,1,1169,1,3
1171,302,1,1171,1,3
1171,694,1,1171,1,3
1173,232,1,1173,1,3
1173,263,1,1173,1,3
1174,1013,1,1174,1,3
1178,166,1,1178,1,3
1184,523,1,1184,1,3
1191,194,1,1191,1,3
1182,370,1,1182,1,3
1181,942,1,1181,1,3
1190,409,1,1190,1,3
1178,677,1,1178,1,3
1192,756,1,1192,1,3
1193,1026,1,1193,1,3
1193,111,1,1193,1,3
1188,970,1,1188,1,3
1188,980,1,1188,1,3
1188,1017,1,1188,1,3
1200,617,1,1200,1,3
1205,418,1,1205,1,3
1197,120,1,1197,1,3
1196,985,1,1196,1,3
1196,765,1,1196,1,3
1203,545,1,1203,1,3
1202,390,1,1202,1,3
1203,69,1,1203,1,3
1207,157,1,1207,1,3
1207,741,1,1207,1,3
1215,47,1,1215,1,3
1220,159,1,1220,1,3
1226,246,1,1226,1,3
1224,914,1,1224,1,3
1227,369,1,1227,1,3
1230,736,1,1230,1,3
1232,888,1,1232,1,3
1237,294,1,1237,1,3
1237,878,1,1237,1,3
1240,628,1,1240,1,3
1242,296,1,1242,1,3
1242,1005,1,1242,1,3
1247,128,1,1247,1,3
1249,599,1,1249,1,3
1252,633,1,1252,1,3
1249,1034,1,1249,1,3
1250,284,1,1250,1,3
1255,793,1,1255,1,3
1246,862,1,1246,1,3
1246,378,1,1246,1,3
1255,428,1,1255,1,3
1258,163,1,1258,1,3
1259,983,1,1259,1,3
1254,120,1,1254,1,3
1263,384,1,1263,1,3
1261,265,1,1261,1,3
1261,1024,1,1261,1,3
1267,875,1,1267,1,3
1270,1013,1,1270,1,3
1270,627,1,1270,1,3
1270,248,1,1270,1,3
1269,970,1,1269,1,3
1273,656,1,1273,1,3
1276,658,1,1276,1,3
1282,610,1,1282,1,3
1279,190,1,1279,1,3
1279,1000,1,1279,1,3
1285,1020,1,1285,1,3
1286,963,1,1286,1,3
1292,941,1,1292,1,3
1293,525,1,1293,1,3
1292,203,1,1292,1,3
1294,996,1,1294,1,3
1290,475,1,1290,1,3
1297,295,1,1297,1,3
1296,429,1,1296,1,3
1309,495,1,1309,1,3
1306,99,1,1306,1,3
1311,475,1,1311,1,3
1308,129,1,1308,1,3
1312,953,1,1312,1,3
1313,312,1,1313,1,3
1315,205,1,1315,1,3
1314,779,1,1314,1,3
1314,924,1,1314,1,3
1318,362,1,1318,1,3
1320,987,1,1320,1,3
1321,523,1,1321,1,3
1321,423,1,1321,1,3
1320,751,1,1320,1,3
1323,409,1,1323,1,3
1323,1006,1,1323,1,3
1326,135,1,1326,1,3
1329,56,1,1329,1,3
1328,246,1,1328,1,3
1327,601,1,1327,1,3
1331,993,1,1331,1,3
1332,207,1,1332,1,3
1334,238,1,1334,1,3
1334,198,1,1334,1,3
1336,855,1,1336,1,3
1340,323,1,1340,1,3
1341,533,1,1341,1,3
1338,99,1,1338,1,3
1337,997,1,1337,1,3
1342,58,1,1342,1,3
1342,152,1,1342,1,3
1345,173,1,1345,1,3
1347,120,1,1347,1,3
1349,367,1,1349,1,3
1352,787,1,1352,1,3
1350,611,1,1350,1,3
1351,95,1,1351,1,3
1358,1012,1,1358,1,3
1363,181,1,1363,1,3
1363,630,1,1363,1,3
1361,68,1,1361,1,3
1364,1016,1,1364,1,3
1376,206,1,1376,1,3
1379,226,1,1379,1,3
1379,726,1,1379,1,3
1375,685,1,1375,1,3
1377,145,1,1377,1,3
1377,408,1,1377,1,3
1385,708,1,1385,1,3
1380,1011,1,1380,1,3
1381,519,1,1381,1,3
1389,507,1,1389,1,3
1389,342,1,1389,1,3
1390,431,1,1390,1,3
1386,628,1,1386,1,3
1391,1019,1,1391,1,3
1393,666,1,1393,1,3
1395,211,1,1395,1,3
1396,716,1,1396,1,3
1400,141,1,1400,1,3
1398,717,1,1398,1,3
1401,366,1,1401,1,3
1400,817,1,1400,1,3
1402,603,1,1402,1,3
1406,820,1,1406,1,3
1404,560,1,1404,1,3
1407,960,1,1407,1,3
1418,907,1,1418,1,3
1421,190,1,1421,1,3
1421,394,1,1421,1,3
1422,113,1,1422,1,3
1427,903,1,1427,1,3
1423,732,1,1423,1,3
1424,167,1,1424,1,3
1429,642,1,1429,1,3
1426,733,1,1426,1,3
1426,998,1,1426,1,3
1432,391,1,1432,1,3
1432,549,1,1432,1,3
1438,1033,1,1438,1,3
1438,646,1,1438,1,3
1442,477,1,1442,1,3
1444,1007,1,1444,1,3
1447,80,1,1447,1,3
1460,205,1,1460,1,3
1453,463,1,1453,1,3
1455,226,1,1455,1,3
1455,355,1,1455,1,3
1455,559,1,1455,1,3
1456,265,1,1456,1,3
1464,322,1,1464,1,3
1465,553,1,1465,1,3
1462,321,1,1462,1,3
1460,320,1,1460,1,3
1468,716,1,1468,1,3
1469,229,1,1469,1,3
1469,98,1,1469,1,3
1469,107,1,1469,1,3
1472,469,1,1472,1,3
1473,953,1,1473,1,3
1470,58,1,1470,1,3
1470,638,1,1470,1,3
1478,811,1,1478,1,3
1478,121,1,1478,1,3
1476,986,1,1476,1,3
1476,444,1,1476,1,3
1479,649,1,1479,1,3
1480,122,1,1480,1,3
1484,504,1,1484,1,3
1482,306,1,1482,1,3
1482,158,1,1482,1,3
1485,212,1,1485,1,3
1489,271,1,1489,1,3
1489,498,1,1489,1,3
1490,577,1,1490,1,3
1488,332,1,1488,1,3
1488,408,1,1488,1,3
1490,752,1,1490,1,3
1495,921,1,1495,1,3
1500,626,1,1500,1,3
1502,487,1,1502,1,3
1501,61,1,1501,1,3
1501,390,1,1501,1,3
1501,502,1,1501,1,3
1505,720,1,1505,1,3
1506,561,1,1506,1,3
1506,299,1,1506,1,3
1510,1019,1,1510,1,3
1510,420,1,1510,1,3
1512,468,1,1512,1,3
1514,617,1,1514,1,3
1515,506,1,1515,1,3
1515,1022,1,1515,1,3
1515,702,1,1515,1,3
1516,241,1,1516,1,3
1518,161,1,1518,1,3
1518,735,1,1518,1,3
1521,367,1,1521,1,3
1522,897,1,1522,1,3
1525,727,1,1525,1,3
1524,670,1,1524,1,3
1524,435,1,1524,1,3
1531,706,1,1531,1,3
1533,528,1,1533,1,3
1532,674,1,1532,1,3
1531,249,1,1531,1,3
1535,777,1,1535,1,3
1536,676,1,1536,1,3
1537,453,1,1537,1,3
1534,588,1,1534,1,3
1534,675,1,1534,1,3
1539,204,1,1539,1,3
1539,559,1,1539,1,3
1538,493,1,1538,1,3
1538,857,1,1538,1,3
1538,677,1,1538,1,3
1541,163,1,1541,1,3
1549,584,1,1549,1,3
1555,748,1,1555,1,3
1551,733,1,1551,1,3
1552,179,1,1552,1,3
1557,788,1,1557,1,3
1554,164,1,1554,1,3
1554,712,1,1554,1,3
1562,480,1,1562,1,3
1566,887,1,1566,1,3
1565,443,1,1565,1,3
1566,124,1,1566,1,3
1568,775,1,1568,1,3
1573,422,1,1573,1,3
1577,167,1,1577,1,3
1580,334,1,1580,1,3
1578,70,1,1578,1,3
1580,750,1,1580,1,3
1581,725,1,1581,1,3
1585,347,1,1585,1,3
1583,619,1,1583,1,3
1584,262,1,1584,1,3
1583,801,1,1583,1,3
1586,881,1,1586,1,3
1587,892,1,1587,1,3
1588,838,1,1588,1,3
1590,939,1,1590,1,3
1590,370,1,1590,1,3
1591,840,1,1591,1,3
1591,785,1,1591,1,3
1589,210,1,1589,1,3
1589,762,1,1589,1,3
1599,655,1,1599,1,3
1600,890,1,1600,1,3
1593,572,1,1593,1,3
1593,178,1,1593,1,3
1593,438,1,1593,1,3
1604,782,1,1604,1,3
1602,791,1,1602,1,3
1603,115,1,1603,1,3
1605,447,1,1605,1,3
1608,73,1,1608,1,3
1609,537,1,1609,1,3
1609,698,1,1609,1,3
1612,597,1,1612,1,3
1620,206,1,1620,1,3
1618,564,1,1618,1,3
1616,122,1,1616,1,3
1622,1016,1,1622,1,3
1625,94,1,1625,1,3
1626,281,1,1626,1,3
1625,307,1,1626,1,3
1630,739,1,1630,1,3
1634,367,1,1634,1,3
1636,315,1,1636,1,3
1631,253,1,1631,1,3
1631,824,1,1631,1,3
1636,997,1,1636,1,3
1638,1022,1,1638,1,3
1650,118,1,1650,1,3
1651,259,1,1651,1,3
1643,499,1,1643,1,3
1643,302,1,1643,1,3
1641,247,1,1641,1,3
1641,264,1,1641,1,3
1659,836,1,1659,1,3
1659,436,1,1659,1,3
1662,212,1,1662,1,3
1662,519,1,1662,1,3
1658,539,1,1658,1,3
1658,396,1,1658,1,3
1658,639,1,1658,1,3
1667,544,1,1667,1,3
1667,764,1,1667,1,3
1669,204,1,1669,1,3
1669,108,1,1669,1,3
1671,263,1,1671,1,3
1671,1029,1,1671,1,3
1678,590,1,1678,1,3
1679,581,1,1679,1,3
1681,536,1,1681,1,3
1681,800,1,1681,1,3
1682,130,1,1682,1,3
1684,75,1,1684,1,3
1686,667,1,1686,1,3
1686,849,1,1686,1,3
1687,596,1,1687,1,3
1689,357,1,1689,1,3
1690,1030,1,1690,1,3
1697,996,1,1697,1,3
1699,420,1,1699,1,3
1698,255,1,1698,1,3
1702,750,1,1702,1,3
1702,119,1,1702,1,3
1704,393,1,1704,1,3
1707,205,1,1707,1,3
1710,162,1,1710,1,3
1712,86,1,1712,1,3
1713,809,1,1713,1,3
1715,607,1,1715,1,3
1716,760,1,1716,1,3
1717,877,1,1717,1,3
1720,557,1,1720,1,3
1719,823,1,1719,1,3
1718,441,1,1718,1,3
1718,138,1,1718,1,3
1723,166,1,1723,1,3
1723,218,1,1723,1,3
1723,113,1,1723,1,3
1729,784,1,1729,1,3
1730,51,1,1730,1,3
1730,239,1,1730,1,3
1730,605,1,1730,1,3
1730,885,1,1730,1,3
1733,68,1,1733,1,3
1740,769,1,1740,1,3
1732,203,1,1732,1,3
1731,869,1,1731,1,3
1741,128,1,1741,1,3
1737,182,1,1737,1,3
1743,543,1,1743,1,3
1734,680,1,1734,1,3
1735,143,1,1735,1,3
1734,854,1,1734,1,3
1756,736,1,1756,1,3
1749,789,1,1749,1,3
1749,893,1,1749,1,3
1749,1030,1,1749,1,3
1754,922,1,1754,1,3
1754,582,1,1754,1,3
1760,628,1,1760,1,3
1765,610,1,1765,1,3
1765,780,1,1765,1,3
1769,396,1,1769,1,3
1767,781,1,1767,1,3
1767,928,1,1767,1,3
1769,117,1,1769,1,3
1771,870,1,1771,1,3
1773,349,1,1773,1,3
1774,463,1,1774,1,3
1775,185,1,1775,1,3
1772,805,1,1772,1,3
1772,930,1,1772,1,3
1776,490,1,1776,1,3
1776,613,1,1776,1,3
1777,892,1,1777,1,3
1778,399,1,1778,1,3
1781,131,1,1781,1,3
1780,198,1,1780,1,3
1780,400,1,1780,1,3
1780,471,1,1780,1,3
1782,401,1,1782,1,3
1782,825,1,1782,1,3
1783,735,1,1783,1,3
1788,789,1,1788,1,3
1790,666,1,1790,1,3
1793,407,1,1793,1,3
1794,88,1,1794,1,3
1791,656,1,1791,1,3
1791,830,1,1791,1,3
1796,630,1,1796,1,3
1795,686,1,1795,1,3
1797,117,1,1797,1,3
1802,364,1,1802,1,3
1800,207,1,1800,1,3
1800,590,1,1800,1,3
1801,330,1,1801,1,3
1801,198,1,1801,1,3
1807,897,1,1807,1,3
1806,145,1,1806,1,3
1808,924,1,1808,1,3
1808,792,1,1808,1,3
1817,417,1,1817,1,3
1821,931,1,1821,1,3
1819,994,1,1819,1,3
1820,510,1,1820,1,3
1824,366,1,1824,1,3
1823,932,1,1823,1,3
1826,815,1,1826,1,3
1828,202,1,1828,1,3
1828,846,1,1828,1,3
1829,297,1,1829,1,3
1832,329,1,1832,1,3
1835,494,1,1835,1,3
1831,109,1,1831,1,3
1831,659,1,1831,1,3
1842,942,1,1842,1,3
1844,664,1,1844,1,3
1847,507,1,1847,1,3
1845,728,1,1845,1,3
1845,533,1,1845,1,3
1845,1014,1,1845,1,3
1850,691,1,1850,1,3
1852,619,1,1852,1,3
1856,904,1,1856,1,3
1857,852,1,1857,1,3
1860,134,1,1860,1,3
1859,950,1,1859,1,3
1862,1023,1,1862,1,3
1861,263,1,1861,1,3
1864,493,1,1864,1,3
1870,53,1,1870,1,3
1872,105,1,1872,1,3
1874,276,1,1874,1,3
1874,837,1,1874,1,3
1875,627,1,1875,1,3
217,499,1,217,2,2
197,436,1,197,2,2
141,92,1,141,2,2
148,449,1,148,2,2
210,379,1,210,2,2
206,442,1,206,2,2
181,169,1,181,2,2
125,115,1,125,2,2
240,379,1,240,2,2
232,492,1,232,2,2
183,243,1,183,2,2
230,44,1,230,2,2
136,454,1,136,2,2
246,505,1,246,2,2
47,80,1,47,2,2
85,325,1,85,2,2
156,415,1,156,2,2
112,382,1,112,2,2
179,161,1,179,2,2
105,219,1,105,2,2
160,268,1,160,2,2
54,264,1,54,2,2
219,142,1,219,2,2
198,486,1,198,2,2
198,266,1,198,2,2
37,280,1,37,2,2
66,368,1,66,2,2
89,505,1,89,2,2
115,425,1,115,2,2
114,443,1,114,2,2
90,293,1,90,2,2
201,160,1,201,2,2
68,208,1,68,2,2
42,182,1,42,2,2
131,437,1,131,2,2
205,122,1,205,2,2
39,308,1,39,2,2
39,261,1,39,2,2
107,266,1,107,2,2
108,325,1,108,2,2
189,480,1,189,2,2
224,381,1,224,2,2
222,487,1,222,2,2
92,114,1,92,2,2
164,354,1,164,2,2
170,338,1,170,2,2
170,292,1,170,2,2
170,306,1,170,2,2
188,88,1,188,2,2
186,478,1,186,2,2
175,227,1,175,2,2
99,291,1,99,2,2
45,281,1,45,2,2
45,189,1,45,2,2
159,260,1,159,2,2
160,59,1,160,2,2
123,190,1,123,2,2
122,481,1,122,2,2
169,79,1,169,2,2
79,137,1,79,2,2
80,101,1,80,2,2
113,399,1,113,2,2
113,99,1,113,2,2
142,424,1,142,2,2
141,444,1,141,2,2
141,336,1,141,2,2
61,170,1,61,2,2
60,485,1,60,2,2
72,340,1,72,2,2
71,294,1,71,2,2
213,392,1,213,2,2
214,473,1,214,2,2
101,433,1,101,2,2
100,194,1,100,2,2
53,197,1,53,2,2
52,203,1,52,2,2
192,482,1,192,2,2
193,90,1,193,2,2
118,201,1,118,2,2
117,355,1,117,2,2
116,413,1,116,2,2
119,286,1,119,2,2
119,185,1,119,2,2
119,277,1,119,2,2
163,69,1,163,2,2
163,419,1,163,2,2
163,426,1,163,2,2
134,439,1,134,2,2
134,491,1,134,2,2
134,418,1,134,2,2
134,426,1,134,2,2
127,494,1,127,2,2
126,406,1,126,2,2
127,125,1,127,2,2
176,343,1,176,2,2
175,284,1,175,2,2
43,390,1,43,2,2
42,505,1,42,2,2
43,334,1,43,2,2
59,376,1,59,2,2
58,84,1,58,2,2
58,187,1,58,2,2
213,174,1,213,2,2
69,329,1,69,2,2
70,493,1,70,2,2
70,362,1,70,2,2
104,340,1,104,2,2
104,174,1,104,2,2
104,379,1,104,2,2
103,357,1,103,2,2
121,306,1,121,2,2
270,254,1,270,2,2
258,485,1,258,2,2
316,201,1,316,2,2
317,444,1,317,2,2
301,384,1,301,2,2
334,82,1,334,2,2
294,305,1,294,2,2
275,94,1,275,2,2
337,83,1,337,2,2
306,444,1,306,2,2
276,73,1,276,2,2
291,496,1,291,2,2
291,190,1,291,2,2
321,78,1,321,2,2
326,74,1,326,2,2
327,80,1,327,2,2
330,81,1,330,2,2
360,84,1,360,2,2
361,90,1,361,2,2
347,505,1,347,2,2
280,483,1,280,2,2
280,430,1,280,2,2
351,81,1,351,2,2
324,73,1,324,2,2
324,79,1,324,2,2
356,424,1,356,2,2
357,83,1,357,2,2
357,89,1,357,2,2
357,217,1,357,2,2
339,37,1,339,2,2
367,92,1,367,2,2
368,336,1,368,2,2
363,434,1,363,2,2
364,91,1,364,2,2
363,217,1,363,2,2
370,93,1,370,2,2
369,59,1,369,2,2
391,99,1,391,2,2
441,114,1,441,2,2
422,134,1,422,2,2
391,505,1,391,2,2
393,64,1,393,2,2
405,103,1,405,2,2
405,505,1,405,2,2
394,100,1,394,2,2
397,101,1,397,2,2
396,95,1,396,2,2
395,460,1,395,2,2
407,230,1,407,2,2
431,111,1,431,2,2
459,145,1,459,2,2
473,124,1,473,2,2
440,478,1,440,2,2
440,485,1,440,2,2
427,110,1,427,2,2
453,217,1,453,2,2
438,346,1,438,2,2
438,113,1,438,2,2
489,123,1,489,2,2
481,126,1,481,2,2
457,119,1,457,2,2
485,452,1,448,2,2
424,109,1,424,2,2
477,190,1,477,2,2
447,481,1,447,2,2
435,80,1,435,2,2
434,112,1,434,2,2
433,475,1,433,2,2
494,130,1,494,2,2
460,36,1,460,2,2
461,120,1,461,2,2
463,488,1,463,2,2
465,48,1,465,2,2
464,121,1,464,2,2
496,125,1,496,2,2
496,131,1,496,2,2
401,102,1,401,2,2
499,132,1,499,2,2
498,126,1,498,2,2
476,125,1,476,2,2
475,119,1,475,2,2
502,127,1,502,2,2
503,133,1,503,2,2
507,134,1,507,2,2
505,493,1,505,2,2
513,136,1,513,2,2
512,130,1,512,2,2
505,77,1,505,2,2
510,135,1,534,2,2
525,134,1,525,2,2
516,137,1,516,2,2
516,479,1,516,2,2
518,290,1,518,2,2
531,56,1,531,2,2
531,505,1,531,2,2
528,440,1,528,2,2
533,259,1,533,2,2
532,264,1,532,2,2
558,175,1,558,2,2
538,497,1,538,2,2
544,140,1,544,2,2
519,132,1,519,2,2
519,286,1,519,2,2
520,281,1,520,2,2
547,116,1,547,2,2
545,346,1,545,2,2
552,396,1,552,2,2
551,43,1,551,2,2
561,482,1,561,2,2
563,170,1,563,2,2
553,78,1,553,2,2
554,325,1,554,2,2
553,440,1,553,2,2
552,505,1,552,2,2
589,401,1,589,2,2
567,71,1,567,2,2
567,102,1,567,2,2
587,326,1,587,2,2
574,48,1,574,2,2
575,70,1,575,2,2
596,390,1,596,2,2
596,123,1,596,2,2
601,80,1,601,2,2
575,458,1,575,2,2
576,446,1,576,2,2
571,77,1,571,2,2
571,241,1,571,2,2
571,295,1,571,2,2
624,498,1,624,2,2
610,131,1,610,2,2
582,411,1,582,2,2
582,271,1,582,2,2
617,153,1,617,2,2
600,51,1,600,2,2
627,81,1,627,2,2
584,131,1,584,2,2
583,108,1,583,2,2
612,422,1,612,2,2
651,130,1,651,2,2
639,425,1,639,2,2
647,256,1,647,2,2
657,313,1,657,2,2
633,305,1,633,2,2
635,71,1,635,2,2
661,119,1,661,2,2
654,260,1,654,2,2
654,272,1,654,2,2
641,144,1,641,2,2
659,364,1,659,2,2
668,381,1,668,2,2
665,113,1,665,2,2
666,285,1,666,2,2
644,469,1,644,2,2
644,279,1,644,2,2
673,163,1,673,2,2
673,501,1,673,2,2
678,456,1,678,2,2
676,94,1,676,2,2
677,428,1,677,2,2
677,104,1,677,2,2
683,227,1,683,2,2
684,298,1,684,2,2
685,109,1,685,2,2
693,199,1,693,2,2
692,505,1,692,2,2
699,505,1,699,2,2
707,136,1,707,2,2
702,351,1,702,2,2
704,503,1,704,2,2
705,339,1,705,2,2
712,74,1,712,2,2
710,278,1,710,2,2
724,320,1,724,2,2
718,179,1,718,2,2
720,60,1,720,2,2
716,482,1,716,2,2
727,489,1,727,2,2
738,236,1,738,2,2
730,408,1,730,2,2
735,435,1,735,2,2
736,270,1,736,2,2
756,134,1,756,2,2
754,40,1,754,2,2
753,275,1,753,2,2
753,319,1,753,2,2
750,348,1,750,2,2
750,267,1,750,2,2
742,142,1,742,2,2
741,173,1,741,2,2
742,229,1,742,2,2
765,319,1,765,2,2
774,59,1,774,2,2
776,143,1,776,2,2
763,138,1,763,2,2
739,373,1,739,2,2
740,159,1,740,2,2
740,113,1,740,2,2
764,60,1,764,2,2
764,485,1,764,2,2
760,43,1,760,2,2
761,82,1,761,2,2
761,223,1,761,2,2
757,430,1,757,2,2
757,373,1,757,2,2
759,128,1,759,2,2
770,222,1,770,2,2
770,367,1,770,2,2
779,226,1,779,2,2
779,458,1,779,2,2
786,495,1,786,2,2
798,416,1,798,2,2
804,320,1,804,2,2
804,397,1,804,2,2
802,165,1,802,2,2
811,394,1,811,2,2
809,356,1,809,2,2
792,311,1,792,2,2
792,417,1,792,2,2
807,133,1,807,2,2
808,150,1,808,2,2
813,217,1,813,2,2
814,104,1,814,2,2
822,405,1,822,2,2
818,40,1,818,2,2
835,288,1,835,2,2
825,100,1,825,2,2
832,382,1,832,2,2
832,409,1,832,2,2
796,155,1,796,2,2
796,118,1,796,2,2
796,261,1,796,2,2
797,203,1,797,2,2
847,383,1,847,2,2
820,67,1,820,2,2
828,483,1,828,2,2
828,70,1,828,2,2
845,407,1,845,2,2
835,130,1,835,2,2
833,367,1,833,2,2
837,370,1,837,2,2
838,226,1,838,2,2
830,157,1,830,2,2
855,410,1,855,2,2
840,74,1,840,2,2
840,106,1,840,2,2
844,389,1,844,2,2
844,413,1,844,2,2
852,505,1,852,2,2
854,80,1,854,2,2
849,101,1,849,2,2
849,320,1,849,2,2
850,281,1,850,2,2
820,404,1,820,2,2
820,139,1,820,2,2
820,328,1,820,2,2
865,505,1,865,2,2
860,406,1,860,2,2
857,52,1,857,2,2
857,489,1,857,2,2
859,63,1,859,2,2
858,320,1,858,2,2
868,278,1,868,2,2
863,259,1,863,2,2
863,400,1,863,2,2
871,109,1,871,2,2
873,289,1,873,2,2
873,179,1,873,2,2
874,88,1,874,2,2
880,117,1,880,2,2
883,146,1,883,2,2
884,293,1,884,2,2
884,204,1,884,2,2
889,66,1,889,2,2
892,94,1,892,2,2
894,448,1,894,2,2
901,309,1,901,2,2
903,203,1,903,2,2
925,328,1,925,2,2
923,133,1,923,2,2
919,109,1,919,2,2
907,422,1,907,2,2
907,505,1,907,2,2
909,106,1,909,2,2
910,416,1,910,2,2
910,499,1,910,2,2
170,341,1,170,2,3
110,116,1,110,2,3
212,65,1,212,2,3
99,385,1,99,2,3
100,94,1,100,2,3
166,391,1,166,2,3
215,155,1,215,2,3
176,237,1,176,2,3
176,314,1,176,2,3
98,457,1,98,2,3
98,283,1,98,2,3
169,148,1,169,2,3
169,276,1,169,2,3
219,57,1,219,2,3
209,360,1,209,2,3
210,454,1,210,2,3
193,468,1,192,2,3
185,214,1,185,2,3
86,379,1,86,2,3
199,446,1,199,2,3
199,356,1,199,2,3
88,380,1,88,2,3
227,380,1,227,2,3
228,241,1,228,2,3
247,486,1,247,2,3
179,346,1,179,2,3
179,457,1,179,2,3
229,475,1,229,2,3
55,319,1,55,2,3
73,295,1,73,2,3
79,366,1,79,2,3
90,345,1,90,2,3
111,69,1,111,2,3
112,373,1,112,2,3
112,167,1,112,2,3
181,120,1,181,2,3
184,370,1,184,2,3
184,70,1,184,2,3
183,381,1,183,2,3
123,491,1,123,2,3
119,206,1,119,2,3
249,324,1,249,2,3
127,421,1,127,2,3
75,487,1,75,2,3
76,445,1,76,2,3
230,339,1,230,2,3
222,349,1,222,2,3
222,391,1,222,2,3
124,441,1,124,2,3
70,218,1,70,2,3
70,285,1,70,2,3
238,421,1,238,2,3
238,319,1,238,2,3
114,446,1,114,2,3
115,222,1,115,2,3
253,379,1,253,2,3
272,258,1,272,2,3
294,265,1,294,2,3
251,299,1,251,2,3
252,388,1,252,2,3
257,254,1,257,2,3
312,271,1,312,2,3
322,418,1,322,2,3
277,336,1,277,2,3
334,359,1,334,2,3
308,445,1,308,2,3
309,403,1,309,2,3
274,71,1,274,2,3
274,335,1,274,2,3
275,398,1,275,2,3
349,365,1,349,2,3
354,367,1,354,2,3
329,357,1,329,2,3
387,460,1,387,2,3
359,433,1,359,2,3
371,429,1,371,2,3
343,63,1,343,2,3
351,366,1,351,2,3
396,383,1,396,2,3
428,318,1,428,2,3
400,441,1,400,2,3
372,439,1,372,2,3
373,489,1,373,2,3
436,336,1,436,2,3
460,113,1,460,2,3
469,471,1,469,2,3
477,68,1,477,2,3
473,91,1,473,2,3
486,121,1,486,2,3
494,315,1,494,2,3
484,86,1,484,2,3
499,117,1,499,2,3
490,462,1,490,2,3
499,465,1,499,2,3
500,463,1,500,2,3
502,459,1,502,2,3
501,461,1,501,2,3
503,457,1,503,2,3
504,455,1,504,2,3
522,327,1,522,2,3
530,312,1,530,2,3
505,428,1,505,2,3
506,387,1,506,2,3
534,375,1,534,2,3
511,349,1,511,2,3
512,347,1,512,2,3
554,355,1,554,2,3
524,268,1,524,2,3
525,364,1,525,2,3
526,416,1,526,2,3
526,361,1,526,2,3
548,298,1,548,2,3
552,234,1,552,2,3
532,349,1,532,2,3
533,347,1,533,2,3
536,341,1,536,2,3
537,297,1,537,2,3
513,345,1,513,2,3
513,435,1,513,2,3
514,343,1,514,2,3
516,73,1,516,2,3
515,341,1,515,2,3
516,427,1,516,2,3
515,430,1,515,2,3
541,289,1,541,2,3
541,331,1,541,2,3
542,381,1,542,2,3
542,401,1,542,2,3
509,444,1,509,2,3
510,352,1,510,2,3
509,354,1,509,2,3
510,442,1,510,2,3
537,412,1,537,2,3
538,295,1,538,2,3
539,293,1,539,2,3
572,335,1,572,2,3
570,312,1,570,2,3
567,324,1,567,2,3
558,180,1,558,2,3
557,298,1,557,2,3
574,135,1,574,2,3
602,406,1,602,2,3
578,193,1,578,2,3
578,295,1,578,2,3
579,293,1,579,2,3
580,323,1,580,2,3
580,291,1,580,2,3
604,483,1,604,2,3
598,116,1,598,2,3
601,107,1,601,2,3
562,338,1,562,2,3
562,453,1,562,2,3
563,131,1,563,2,3
615,414,1,615,2,3
583,262,1,583,2,3
583,185,1,583,2,3
584,279,1,584,2,3
621,247,1,621,2,3
624,72,1,624,2,3
631,132,1,631,2,3
636,245,1,636,2,3
639,237,1,639,2,3
634,162,1,634,2,3
634,60,1,634,2,3
649,137,1,649,2,3
665,257,1,665,2,3
668,57,1,668,2,3
649,354,1,649,2,3
650,317,1,650,2,3
651,337,1,651,2,3
651,422,1,651,2,3
664,344,1,664,2,3
671,436,1,671,2,3
677,368,1,677,2,3
683,443,1,683,2,3
695,147,1,695,2,3
686,393,1,686,2,3
675,103,1,675,2,3
675,448,1,675,2,3
689,383,1,689,2,3
681,473,1,681,2,3
681,442,1,681,2,3
698,401,1,698,2,3
713,448,1,713,2,3
709,162,1,709,2,3
727,89,1,727,2,3
721,293,1,721,2,3
722,295,1,722,2,3
723,197,1,723,2,3
733,349,1,733,2,3
752,203,1,752,2,3
749,483,1,749,2,3
771,259,1,771,2,3
789,265,1,789,2,3
787,49,1,787,2,3
797,194,1,797,2,3
798,352,1,798,2,3
807,469,1,807,2,3
809,82,1,809,2,3
814,253,1,814,2,3
822,258,1,822,2,3
830,323,1,830,2,3
827,377,1,827,2,3
848,415,1,848,2,3
867,222,1,867,2,3
874,314,1,874,2,3
837,288,1,837,2,3
877,325,1,877,2,3
876,129,1,876,2,3
848,169,1,848,2,3
844,203,1,844,2,3
883,88,1,883,2,3
870,117,1,870,2,3
869,475,1,869,2,3
886,246,1,886,2,3
893,428,1,893,2,3
902,477,1,902,2,3
899,402,1,899,2,3
907,311,1,907,2,3
906,131,1,906,2,3
56,233,1,56,3,2
425,164,1,425,3,2
79,77,1,79,3,2
89,119,1,89,3,2
343,128,1,343,3,2
94,181,1,94,3,2
71,206,1,71,3,2
333,182,1,333,3,2
103,178,1,103,3,2
371,121,1,371,3,2
377,113,1,377,3,2
67,99,1,67,3,2
346,39,1,346,3,2
121,79,1,121,3,2
119,142,1,119,3,2
115,190,1,115,3,2
116,171,1,116,3,2
361,39,1,361,3,2
360,116,1,360,3,2
359,167,1,359,3,2
134,165,1,134,3,2
136,51,1,136,3,2
136,179,1,136,3,2
137,132,1,137,3,2
111,176,1,111,3,2
351,127,1,351,3,2
352,120,1,352,3,2
108,61,1,108,3,2
109,92,1,109,3,2
389,160,1,389,3,2
140,195,1,140,3,2
139,85,1,139,3,2
139,167,1,139,3,2
138,180,1,138,3,2
151,98,1,151,3,2
152,172,1,152,3,2
150,39,1,150,3,2
150,171,1,150,3,2
150,185,1,150,3,2
150,73,1,150,3,2
317,141,1,317,3,2
311,170,1,311,3,2
216,233,1,216,3,2
335,183,1,335,3,2
334,218,1,334,3,2
335,78,1,335,3,2
421,151,1,421,3,2
294,51,1,294,3,2
96,182,1,96,3,2
96,209,1,96,3,2
97,188,1,97,3,2
381,84,1,381,3,2
380,190,1,380,3,2
147,198,1,147,3,2
148,184,1,148,3,2
145,226,1,145,3,2
146,183,1,146,3,2
129,163,1,129,3,2
128,176,1,128,3,2
127,162,1,127,3,2
127,98,1,127,3,2
394,122,1,394,3,2
292,56,1,292,3,2
204,91,1,204,3,2
204,61,1,204,3,2
403,167,1,403,3,2
443,160,1,443,3,2
441,206,1,441,3,2
441,122,1,441,3,2
443,192,1,443,3,2
386,219,1,386,3,2
387,117,1,387,3,2
387,57,1,387,3,2
237,79,1,237,3,2
239,111,1,239,3,2
131,177,1,131,3,2
133,92,1,133,3,2
132,164,1,132,3,2
133,178,1,133,3,2
133,67,1,133,3,2
233,85,1,233,3,2
399,232,1,399,3,2
144,203,1,144,3,2
143,196,1,143,3,2
144,169,1,144,3,2
144,79,1,144,3,2
143,56,1,143,3,2
142,168,1,142,3,2
182,184,1,182,3,2
181,61,1,181,3,2
181,92,1,181,3,2
86,175,1,86,3,2
84,126,1,84,3,2
86,47,1,86,3,2
87,177,1,87,3,2
159,175,1,159,3,2
157,92,1,157,3,2
160,62,1,160,3,2
231,233,1,231,3,2
229,232,1,229,3,2
243,66,1,243,3,2
240,73,1,240,3,2
300,52,1,300,3,2
299,38,1,299,3,2
123,160,1,123,3,2
122,230,1,122,3,2
123,44,1,123,3,2
122,167,1,122,3,2
125,161,1,125,3,2
195,73,1,195,3,2
197,190,1,197,3,2
247,97,1,247,3,2
244,50,1,244,3,2
245,230,1,245,3,2
301,110,1,301,3,2
301,208,1,301,3,2
212,231,1,212,3,2
213,79,1,213,3,2
209,85,1,209,3,2
209,119,1,209,3,2
207,55,1,207,3,2
167,192,1,167,3,2
165,191,1,165,3,2
165,56,1,165,3,2
164,177,1,164,3,2
167,206,1,167,3,2
252,91,1,252,3,2
254,128,1,254,3,2
173,194,1,173,3,2
173,215,1,173,3,2
172,73,1,172,3,2
174,181,1,174,3,2
287,168,1,287,3,2
288,113,1,288,3,2
286,141,1,286,3,2
286,155,1,286,3,2
247,225,1,247,3,2
250,135,1,250,3,2
276,194,1,276,3,2
275,213,1,275,3,2
277,143,1,277,3,2
269,160,1,269,3,2
266,166,1,266,3,2
268,162,1,268,3,2
267,164,1,267,3,2
199,178,1,199,3,2
199,98,1,199,3,2
200,67,1,200,3,2
199,219,1,199,3,2
273,94,1,273,3,2
270,158,1,270,3,2
272,153,1,272,3,2
99,203,1,99,3,2
99,183,1,99,3,2
99,189,1,99,3,2
100,177,1,100,3,2
101,87,1,101,3,2
101,184,1,101,3,2
228,91,1,228,3,2
224,230,1,224,3,2
226,231,1,226,3,2
161,176,1,161,3,2
160,189,1,160,3,2
163,190,1,163,3,2
163,86,1,163,3,2
177,67,1,177,3,2
177,196,1,177,3,2
176,98,1,176,3,2
176,182,1,176,3,2
175,195,1,175,3,2
219,105,1,219,3,2
217,52,1,217,3,2
218,73,1,218,3,2
193,159,1,193,3,2
190,187,1,190,3,2
193,223,1,193,3,2
279,152,1,279,3,2
278,50,1,278,3,2
280,98,1,280,3,2
314,215,1,314,3,2
314,102,1,314,3,2
313,52,1,313,3,2
307,149,1,307,3,2
305,98,1,305,3,2
186,220,1,186,3,2
185,199,1,185,3,2
183,62,1,183,3,2
184,185,1,184,3,2
183,198,1,183,3,2
186,85,1,186,3,2
222,229,1,222,3,2
222,67,1,222,3,2
224,98,1,224,3,2
224,60,1,224,3,2
412,40,1,412,3,2
414,105,1,414,3,2
412,233,1,412,3,2
412,86,1,412,3,2
412,140,1,412,3,2
170,51,1,170,3,2
168,79,1,168,3,2
171,44,1,171,3,2
168,145,1,168,3,2
169,179,1,169,3,2
170,193,1,170,3,2
155,233,1,155,3,2
155,187,1,155,3,2
153,186,1,153,3,2
154,67,1,154,3,2
153,46,1,153,3,2
156,68,1,156,3,2
189,112,1,189,3,2
188,200,1,188,3,2
190,50,1,190,3,2
187,49,1,187,3,2
190,79,1,190,3,2
187,56,1,187,3,2
187,186,1,187,3,2
260,164,1,260,3,2
260,178,1,260,3,2
261,176,1,261,3,2
261,162,1,261,3,2
259,78,1,259,3,2
261,134,1,261,3,2
262,174,1,262,3,2
259,166,1,259,3,2
259,180,1,259,3,2
260,71,1,260,3,2
264,170,1,264,3,2
264,182,1,264,3,2
265,168,1,265,3,2
265,59,1,265,3,2
263,158,1,263,3,2
263,172,1,263,3,2
264,205,1,264,3,2
263,72,1,263,3,2
258,195,1,258,3,2
255,174,1,255,3,2
258,168,1,258,3,2
256,172,1,256,3,2
256,85,1,256,3,2
257,170,1,257,3,2
296,197,1,296,3,3
283,179,1,283,3,3
199,54,1,199,3,3
217,185,1,217,3,3
223,76,1,223,3,3
223,89,1,223,3,3
404,203,1,404,3,3
396,90,1,396,3,3
243,149,1,243,3,3
243,104,1,243,3,3
243,113,1,243,3,3
308,202,1,308,3,3
266,108,1,266,3,3
188,65,1,188,3,3
188,184,1,188,3,3
188,193,1,188,3,3
248,218,1,248,3,3
411,96,1,411,3,3
407,146,1,407,3,3
322,107,1,322,3,3
320,116,1,320,3,3
320,148,1,320,3,3
271,99,1,271,3,3
270,101,1,270,3,3
162,183,1,162,3,3
160,182,1,160,3,3
231,76,1,336,3,3
57,134,1,114,3,3
182,191,1,182,3,3
180,190,1,180,3,3
171,60,1,171,3,3
170,177,1,170,3,3
170,186,1,170,3,3
332,164,1,332,3,3
305,192,1,305,3,3
58,165,1,58,3,3
428,202,1,428,3,3
212,120,1,212,3,3
212,70,1,212,3,3
343,117,1,343,3,3
124,158,1,124,3,3
215,129,1,215,3,3
214,111,1,214,3,3
216,59,1,216,3,3
105,84,1,105,3,3
70,181,1,70,3,3
252,70,1,252,3,3
254,71,1,254,3,3
107,185,1,107,3,3
235,65,1,235,3,3
233,127,1,233,3,3
234,118,1,234,3,3
52,180,1,52,3,3
369,129,1,369,3,3
381,193,1,381,3,3
128,169,1,128,3,3
128,89,1,128,3,3
126,131,1,126,3,3
143,166,1,143,3,3
143,175,1,143,3,3
143,65,1,143,3,3
118,71,1,118,3,3
116,98,1,116,3,3
133,171,1,133,3,3
131,170,1,131,3,3
132,58,1,132,3,3
132,77,1,132,3,3
119,89,1,119,3,3
118,173,1,118,3,3
359,56,1,359,3,3
358,73,1,358,3,3
204,109,1,204,3,3
204,126,1,204,3,3
204,83,1,204,3,3
205,70,1,205,3,3
246,143,1,246,3,3
245,145,1,245,3,3
244,147,1,244,3,3
157,172,1,157,3,3
157,181,1,157,3,3
160,71,1,160,3,3
159,53,1,159,3,3
157,83,1,157,3,3
225,114,1,225,3,3
228,125,1,228,3,3
225,133,1,225,3,3
174,116,1,174,3,3
175,114,1,175,3,3
172,187,1,172,3,3
171,215,1,171,3,3
195,105,1,195,3,3
194,123,1,194,3,3
195,205,1,195,3,3
195,82,1,195,3,3
195,96,1,195,3,3
136,94,1,136,3,3
135,172,1,135,3,3
134,144,1,134,3,3
424,57,1,424,3,3
185,192,1,185,3,3
184,119,1,184,3,3
185,76,1,185,3,3
185,94,1,185,3,3
186,110,1,186,3,3
140,174,1,140,3,3
138,173,1,138,3,3
139,76,1,139,3,3
149,83,1,149,3,3
150,178,1,150,3,3
149,64,1,149,3,3
177,189,1,177,3,3
175,188,1,175,3,3
177,58,1,177,3,3
176,89,1,176,3,3
178,77,1,178,3,3
167,70,1,167,3,3
166,103,1,166,3,3
164,112,1,164,3,3
166,88,1,166,3,3
167,185,1,167,3,3
165,184,1,165,3,3
155,171,1,155,3,3
155,180,1,155,3,3
153,170,1,153,3,3
154,54,1,154,3,3
156,106,1,156,3,3
153,179,1,153,3,3
154,100,1,154,3,3
154,110,1,154,3,3
102,112,1,102,3,3
100,111,1,100,3,3
99,201,1,99,3,3
194,64,1,194,3,3
193,186,1,193,3,3
190,194,1,190,3,3
192,113,1,192,3,3
191,169,1,191,3,3
388,138,1,388,3,3
390,119,1,390,3,3
145,176,1,145,3,3
145,105,1,145,3,3
147,96,1,147,3,3
148,168,1,148,3,3
148,177,1,148,3,3
