x1,x2,x3,x4,x5,x6,x7,x8,x9,x10,x11,x12,x13,x14,x15,x16,x17,x18,x19,x20,x21,x22,x23,x24,x25,x26,x27,x28,x29,x30,x31,x32,x33,x34,x35,x36,x37,x38
0.00140846,0.00108248,0.00083596,0.00112995,0.00038675,0.00074044,0.00092347,0.00000000,0.00117303,0.00124527,0.00136112,0.00205024,0.00048347,0.00155392,0.00151070,0.00208648,0.00000000,0.00150955,0.00138320,0.00053953,0.00174113,0.00097184,0.00094670,0.00110334,0.00000000,0.00110461,0.00122430,0.00050312,0.00198068,0.00143609,0.00144167,0.00000000,1992.00000000,78.00000000,1.00000000,2.00000000,1992.00000000,0.54740906
0.00431166,0.00467641,0.00434761,0.00609002,0.00164169,0.00427148,0.00439907,0.00000000,0.00475184,0.00434988,0.00398412,0.00611998,0.00197427,0.00388417,0.00430727,0.00429300,0.00000000,0.00408054,0.00380676,0.00162111,0.00587954,0.00425581,0.00468009,0.00474913,0.00000000,0.00448364,0.00384576,0.00200021,0.00589107,0.00364509,0.00430466,0.00000000,1924.00000000,1171.00000000,1.00000000,2.00000000,1924.00000000,0.48171324
-0.00492281,-0.00398965,-0.00393684,-0.00506397,-0.00127500,-0.00354850,-0.00345612,0.00000000,-0.00346363,-0.00302900,-0.00263102,-0.00349373,-0.00088625,-0.00204282,-0.00203632,-0.00258746,0.00000000,-0.00233937,-0.00236241,-0.00094406,-0.00336373,-0.00196445,-0.00180823,-0.00202818,0.00000000,-0.00241534,-0.00268620,-0.00137579,-0.00469423,-0.00371283,-0.00400443,0.00000000,18.00000000,1850.00000000,1.00000000,2.00000000,18.00000000,0.56764525
0.00176774,0.00155528,0.00114374,0.00120153,0.00026065,0.00078997,0.00085409,0.00000000,0.00113444,0.00092932,0.00107787,0.00188490,0.00050211,0.00154661,0.00160678,0.00216526,0.00000000,0.00158141,0.00142462,0.00052034,0.00191823,0.00110872,0.00096484,0.00094353,0.00000000,0.00090932,0.00101731,0.00039400,0.00157748,0.00143570,0.00172331,0.00000000,1476.00000000,152.00000000,1.00000000,2.00000000,1476.00000000,0.56690830
-0.00123193,-0.00147248,-0.00107498,-0.00233346,-0.00097184,-0.00170818,-0.00233183,0.00000000,-0.00306818,-0.00271463,-0.00271131,-0.00421339,-0.00111244,-0.00325847,-0.00354798,-0.00458960,0.00000000,-0.00378999,-0.00340261,-0.00131961,-0.00412047,-0.00225863,-0.00226703,-0.00231068,0.00000000,-0.00263486,-0.00236885,-0.00092962,-0.00290225,-0.00171387,-0.00158032,0.00000000,109.00000000,1609.00000000,1.00000000,2.00000000,109.00000000,0.59026051
-0.00600657,-0.00502744,-0.00487563,-0.00672805,-0.00170555,-0.00483557,-0.00485529,0.00000000,-0.00599905,-0.00484053,-0.00471012,-0.00657379,-0.00174670,-0.00461841,-0.00479041,-0.00532926,0.00000000,-0.00482507,-0.00458945,-0.00178103,-0.00639745,-0.00452337,-0.00457687,-0.00531041,0.00000000,-0.00460859,-0.00466650,-0.00168773,-0.00665547,-0.00494767,-0.00511430,0.00000000,96.00000000,2086.00000000,1.00000000,2.00000000,96.00000000,0.49200547
0.00260370,0.00150723,0.00083261,0.00166145,0.00070759,0.00167462,0.00246820,0.00000000,0.00370228,0.00306721,0.00322391,0.00394621,0.00082687,0.00321145,0.00315532,0.00341626,0.00000000,0.00269199,0.00236431,0.00116027,0.00391347,0.00288253,0.00334097,0.00439226,0.00000000,0.00379564,0.00398660,0.00124710,0.00538314,0.00375064,0.00340673,0.00000000,2103.00000000,1200.00000000,1.00000000,2.00000000,2103.00000000,0.58980381
0.00384482,0.00256488,0.00212133,0.00352165,0.00104683,0.00310306,0.00343509,0.00000000,0.00483866,0.00351442,0.00352979,0.00441178,0.00106236,0.00303734,0.00315357,0.00401544,0.00000000,0.00417944,0.00436259,0.00178124,0.00662253,0.00497825,0.00510116,0.00658146,0.00000000,0.00526748,0.00538279,0.00172529,0.00716045,0.00500061,0.00469387,0.00000000,2033.00000000,1432.00000000,1.00000000,2.00000000,2033.00000000,0.56821471
0.00164616,0.00122251,0.00092422,0.00109639,0.00029054,0.00089346,0.00106367,0.00000000,0.00170856,0.00159460,0.00181763,0.00264193,0.00072178,0.00196958,0.00188044,0.00145256,0.00000000,0.00076264,0.00056531,0.00024985,0.00140537,0.00139881,0.00180676,0.00195911,0.00000000,0.00150781,0.00135447,0.00045117,0.00201047,0.00150039,0.00163236,0.00000000,1651.00000000,221.00000000,1.00000000,2.00000000,1651.00000000,0.59001309
-0.00425137,-0.00364929,-0.00363062,-0.00466423,-0.00114191,-0.00314310,-0.00285393,0.00000000,-0.00281784,-0.00228504,-0.00209770,-0.00334949,-0.00104553,-0.00261952,-0.00318623,-0.00392316,0.00000000,-0.00363327,-0.00334824,-0.00130928,-0.00434355,-0.00257709,-0.00235743,-0.00211437,0.00000000,-0.00207584,-0.00202896,-0.00100520,-0.00363769,-0.00282911,-0.00330058,0.00000000,38.00000000,1376.00000000,1.00000000,2.00000000,38.00000000,0.52979422
-0.00315491,-0.00305627,-0.00263501,-0.00350467,-0.00116654,-0.00198944,-0.00214359,0.00000000,-0.00192645,-0.00224643,-0.00237772,-0.00384618,-0.00089360,-0.00295757,-0.00282046,-0.00420744,0.00000000,-0.00271996,-0.00258929,-0.00084511,-0.00300838,-0.00144857,-0.00126060,-0.00084854,0.00000000,-0.00130533,-0.00146645,-0.00073362,-0.00281298,-0.00242916,-0.00282701,0.00000000,67.00000000,1580.00000000,1.00000000,2.00000000,67.00000000,0.58270293
-0.00207181,-0.00215791,-0.00230757,-0.00352383,-0.00110512,-0.00258919,-0.00291573,0.00000000,-0.00362141,-0.00307000,-0.00286980,-0.00372507,-0.00077367,-0.00202967,-0.00165758,-0.00202502,0.00000000,-0.00169990,-0.00156510,-0.00081119,-0.00246998,-0.00154354,-0.00203879,-0.00242230,0.00000000,-0.00257723,-0.00224848,-0.00079572,-0.00253525,-0.00167932,-0.00154269,0.00000000,70.00000000,1606.00000000,1.00000000,2.00000000,70.00000000,0.54551858
0.00125901,0.00072211,0.00073874,0.00133165,0.00045435,0.00119590,0.00144656,0.00000000,0.00180562,0.00154456,0.00145190,0.00178010,0.00036006,0.00107617,0.00091097,0.00109537,0.00000000,0.00092807,0.00100799,0.00040756,0.00156226,0.00116863,0.00121567,0.00167497,0.00000000,0.00143534,0.00158484,0.00051757,0.00220048,0.00150185,0.00126748,0.00000000,2075.00000000,260.00000000,1.00000000,2.00000000,2075.00000000,0.54986054
0.00421132,0.00359173,0.00387485,0.00512798,0.00125361,0.00356662,0.00325099,0.00000000,0.00277284,0.00278528,0.00299100,0.00595791,0.00213887,0.00490223,0.00578325,0.00716003,0.00000000,0.00612699,0.00613724,0.00190675,0.00809042,0.00568964,0.00542065,0.00614279,0.00000000,0.00481896,0.00421211,0.00172467,0.00540182,0.00324432,0.00313217,0.00000000,1867.00000000,1283.00000000,1.00000000,2.00000000,1867.00000000,0.56404078
0.00115839,0.00173853,0.00197859,0.00288703,0.00061678,0.00233986,0.00228454,0.00000000,0.00292095,0.00217942,0.00195691,0.00221715,0.00063364,0.00126817,0.00149246,0.00211405,0.00000000,0.00235851,0.00265539,0.00085845,0.00383557,0.00289776,0.00262638,0.00362727,0.00000000,0.00234440,0.00206633,0.00072855,0.00218175,0.00093748,0.00088670,0.00000000,2050.00000000,1217.00000000,1.00000000,2.00000000,2050.00000000,0.59458667
-0.00093889,-0.00039528,-0.00060324,-0.00123610,-0.00043348,-0.00147080,-0.00155622,0.00000000,-0.00148632,-0.00122974,-0.00124496,-0.00217191,-0.00063752,-0.00168442,-0.00182704,-0.00238573,0.00000000,-0.00187351,-0.00183536,-0.00055909,-0.00229961,-0.00153818,-0.00138018,-0.00132833,0.00000000,-0.00110388,-0.00118853,-0.00049255,-0.00197309,-0.00137303,-0.00124925,0.00000000,2402.00000000,1658.00000000,1.00000000,2.00000000,2402.00000000,0.57951474
0.00162340,0.00155337,0.00156826,0.00224350,0.00060595,0.00157709,0.00155831,0.00000000,0.00153421,0.00108124,0.00084506,0.00095632,0.00025974,0.00081337,0.00094724,0.00130606,0.00000000,0.00121309,0.00138099,0.00047750,0.00215763,0.00158902,0.00147240,0.00180304,0.00000000,0.00112356,0.00108740,0.00037290,0.00162558,0.00119452,0.00133812,0.00000000,2842.00000000,269.00000000,1.00000000,2.00000000,2842.00000000,0.55492657
0.00242542,0.00164221,0.00150175,0.00163183,0.00030165,0.00091133,0.00091336,0.00000000,0.00127545,0.00117509,0.00103374,0.00103495,0.00020057,0.00084166,0.00100694,0.00125062,0.00000000,0.00147854,0.00138094,0.00062987,0.00190806,0.00113889,0.00100381,0.00089688,0.00000000,0.00098146,0.00121902,0.00045914,0.00201853,0.00167127,0.00179299,0.00000000,2269.00000000,1667.00000000,1.00000000,2.00000000,2269.00000000,0.58499986
0.00489669,0.00345134,0.00322993,0.00466311,0.00129210,0.00337748,0.00361837,0.00000000,0.00441157,0.00374850,0.00379864,0.00528169,0.00135837,0.00372093,0.00374796,0.00392698,0.00000000,0.00383395,0.00332964,0.00155116,0.00435235,0.00267137,0.00307983,0.00413660,0.00000000,0.00427580,0.00447719,0.00141415,0.00604826,0.00437336,0.00404629,0.00017610,2250.00000000,1674.00000000,1.00000000,2.00000000,2250.00000000,0.49945578
-0.00118992,-0.00111916,-0.00137193,-0.00225289,-0.00055224,-0.00173673,-0.00162481,0.00000000,-0.00176090,-0.00103610,-0.00109253,-0.00199072,-0.00070569,-0.00147135,-0.00163592,-0.00146399,0.00000000,-0.00108044,-0.00089402,-0.00023020,-0.00100939,-0.00087819,-0.00096214,-0.00092876,0.00000000,-0.00096840,-0.00094952,-0.00058650,-0.00178977,-0.00113510,-0.00116463,0.00000000,2289.00000000,1773.00000000,1.00000000,2.00000000,2289.00000000,0.55327201
-0.00125619,-0.00129789,-0.00104934,-0.00137674,-0.00041424,-0.00082976,-0.00089314,0.00000000,-0.00079100,-0.00100738,-0.00093220,-0.00175262,-0.00064707,-0.00102767,-0.00125951,-0.00159002,0.00000000,-0.00185253,-0.00196409,-0.00080853,-0.00296003,-0.00201121,-0.00196663,-0.00183473,0.00000000,-0.00154435,-0.00134331,-0.00065063,-0.00214411,-0.00136268,-0.00151327,0.00000000,2309.00000000,1801.00000000,1.00000000,2.00000000,2309.00000000,0.57744712
0.00202258,0.00165975,0.00135454,0.00151358,0.00028676,0.00096864,0.00110795,0.00000000,0.00162402,0.00150751,0.00139258,0.00174086,0.00043874,0.00100397,0.00092646,0.00113346,0.00000000,0.00146057,0.00159706,0.00073499,0.00242341,0.00164897,0.00159098,0.00121866,0.00000000,0.00091586,0.00080942,0.00033354,0.00135620,0.00133823,0.00168968,0.00000000,2463.00000000,1832.00000000,1.00000000,2.00000000,2463.00000000,0.55456245
-0.00169533,-0.00183839,-0.00172972,-0.00223716,-0.00065684,-0.00135238,-0.00107126,0.00000000,-0.00060979,-0.00079951,-0.00103157,-0.00201428,-0.00069818,-0.00130169,-0.00113443,-0.00092361,0.00000000,-0.00086325,-0.00107904,-0.00056966,-0.00212755,-0.00154408,-0.00165285,-0.00158780,0.00003393,-0.00120166,-0.00089496,-0.00045817,-0.00140392,-0.00099443,-0.00140392,0.00000000,2472.00000000,1637.00000000,1.00000000,2.00000000,2472.00000000,0.56154501
0.00156562,0.00095679,0.00065999,0.00076312,0.00027122,0.00061224,0.00090465,0.00000000,0.00122504,0.00153488,0.00157206,0.00225599,0.00056009,0.00163345,0.00154529,0.00160640,0.00000000,0.00108676,0.00091200,0.00038941,0.00138936,0.00098626,0.00117934,0.00174008,0.00000000,0.00160907,0.00174318,0.00059816,0.00251828,0.00178530,0.00166568,0.00000000,2702.00000000,147.00000000,1.00000000,2.00000000,2702.00000000,0.59841937
0.00165180,0.00131720,0.00102587,0.00129527,0.00034756,0.00097630,0.00104119,0.00000000,0.00149475,0.00115349,0.00132583,0.00189454,0.00041816,0.00146962,0.00142706,0.00169903,0.00000000,0.00122247,0.00110195,0.00048107,0.00157275,0.00107764,0.00110950,0.00131287,0.00000000,0.00121617,0.00131350,0.00051378,0.00203701,0.00154519,0.00166515,0.00000000,2716.00000000,57.00000000,1.00000000,2.00000000,2716.00000000,0.52020973
0.00181811,0.00148026,0.00170924,0.00273644,0.00078027,0.00195512,0.00201573,0.00000000,0.00234560,0.00217959,0.00218108,0.00325086,0.00091443,0.00225436,0.00231363,0.00244213,0.00000000,0.00201098,0.00169288,0.00057693,0.00186433,0.00120408,0.00125904,0.00167568,0.00000000,0.00175831,0.00180531,0.00076005,0.00265011,0.00171725,0.00150815,0.00000000,2982.00000000,1905.00000000,1.00000000,2.00000000,2982.00000000,0.52304393
0.00106029,0.00083179,0.00067743,0.00120183,0.00041733,0.00106279,0.00136899,0.00000000,0.00196624,0.00178829,0.00180255,0.00243958,0.00060146,0.00155165,0.00134797,0.00120349,0.00000000,0.00070133,0.00060271,0.00032526,0.00104554,0.00081339,0.00101491,0.00129151,0.00000000,0.00132039,0.00135675,0.00052690,0.00200273,0.00142274,0.00140744,0.00000000,3141.00000000,642.00000000,1.00000000,2.00000000,3141.00000000,0.59451401
0.00300833,0.00220138,0.00197143,0.00281033,0.00089130,0.00168917,0.00184411,0.00000000,0.00220370,0.00250255,0.00270651,0.00401761,0.00102909,0.00296525,0.00293101,0.00331287,0.00000000,0.00250656,0.00214758,0.00080734,0.00273771,0.00179268,0.00203433,0.00274562,0.00000000,0.00274549,0.00291047,0.00106496,0.00421943,0.00299620,0.00279785,0.00000000,3661.00000000,1411.00000000,1.00000000,2.00000000,3661.00000000,0.52699524
-0.00423707,-0.00238390,-0.00279825,-0.00348764,-0.00085122,-0.00292764,-0.00283658,-0.00042990,-0.00332959,-0.00256095,-0.00230223,-0.00220081,-0.00044436,-0.00110118,-0.00114534,-0.00156692,0.00019743,-0.00187334,-0.00221114,-0.00093527,-0.00325840,-0.00261279,-0.00246717,-0.00329437,-0.00035407,-0.00254538,-0.00271533,-0.00073170,-0.00331289,-0.00269032,-0.00231538,-0.00012109,46.00000000,1633.00000000,1.00000000,3.00000000,46.00000000,0.54629195
-0.00410498,-0.00294557,-0.00310450,-0.00387574,-0.00104554,-0.00313532,-0.00294412,-0.00040154,-0.00385423,-0.00268294,-0.00295804,-0.00383167,-0.00109032,-0.00314737,-0.00311982,-0.00408737,-0.00042504,-0.00309698,-0.00285400,-0.00116079,-0.00273810,-0.00127375,-0.00059329,-0.00069472,-0.00020683,-0.00124621,-0.00194210,-0.00082765,-0.00306944,-0.00279697,-0.00283734,-0.00023776,66.00000000,1578.00000000,1.00000000,3.00000000,66.00000000,0.55353510
-0.00002808,-0.00045515,-0.00131379,-0.00255437,-0.00072717,-0.00237273,-0.00228950,-0.00024924,-0.00350245,-0.00229387,-0.00249178,-0.00300868,-0.00081079,-0.00217061,-0.00180983,-0.00205466,-0.00029034,-0.00173046,-0.00206985,-0.00089352,-0.00296520,-0.00250897,-0.00242943,-0.00338916,-0.00028430,-0.00247172,-0.00255863,-0.00094825,-0.00289682,-0.00164320,-0.00072659,-0.00005679,142.00000000,1833.00000000,1.00000000,3.00000000,142.00000000,0.58460540
0.00220471,0.00174525,0.00168313,0.00193005,0.00048677,0.00195361,0.00219727,0.00033567,0.00280234,0.00195628,0.00172734,0.00168092,0.00014406,0.00105146,0.00088215,0.00186263,-0.00024276,0.00070683,0.00103192,-0.00006228,0.00176914,0.00184748,0.00185923,0.00232057,0.00015557,0.00123736,0.00102221,0.00046104,0.00186230,0.00181483,0.00190284,0.00033511,187.00000000,2055.00000000,1.00000000,3.00000000,187.00000000,0.58934081
-0.00244765,-0.00171399,-0.00194085,-0.00269004,-0.00077232,-0.00238472,-0.00238845,-0.00028909,-0.00327066,-0.00246046,-0.00246533,-0.00278482,-0.00084819,-0.00163565,-0.00085861,-0.00052700,-0.00005816,-0.00081195,-0.00160561,-0.00072740,-0.00265548,-0.00239787,-0.00220254,-0.00339281,-0.00019519,-0.00199967,-0.00218607,-0.00057849,-0.00270892,-0.00206186,-0.00181917,-0.00021191,160.00000000,1835.00000000,1.00000000,3.00000000,160.00000000,0.55468327
-0.00393351,-0.00291812,-0.00282840,-0.00319498,-0.00102886,-0.00217135,-0.00235287,-0.00048803,-0.00301105,-0.00237708,-0.00233409,-0.00358088,-0.00107783,-0.00329168,-0.00313408,-0.00549216,-0.00023536,-0.00312505,-0.00362101,-0.00083528,-0.00452114,-0.00330041,-0.00257996,-0.00264781,-0.00040402,-0.00221742,-0.00296514,-0.00115601,-0.00353301,-0.00291819,-0.00267638,0.00000629,207.00000000,1734.00000000,1.00000000,3.00000000,207.00000000,0.50527591
-0.00148211,-0.00094654,-0.00101546,-0.00130624,-0.00033537,-0.00112837,-0.00108659,-0.00013322,-0.00146053,-0.00108545,-0.00119514,-0.00160244,-0.00049319,-0.00125934,-0.00114913,-0.00141859,-0.00011885,-0.00089075,-0.00082791,-0.00020011,-0.00100069,-0.00095370,-0.00111000,-0.00190432,-0.00024551,-0.00163431,-0.00175759,-0.00064918,-0.00207713,-0.00147585,-0.00123947,-0.00014792,1077.00000000,58.00000000,1.00000000,3.00000000,1077.00000000,0.50235957
0.00175359,0.00125522,0.00113055,0.00124324,0.00039126,0.00093254,0.00095289,0.00017873,0.00146435,0.00127157,0.00146874,0.00206308,0.00058373,0.00196119,0.00193734,0.00245479,0.00024760,0.00147046,0.00115549,0.00036463,0.00093793,0.00057185,0.00059366,0.00079229,0.00015133,0.00084381,0.00089325,0.00023882,0.00101550,0.00100572,0.00116330,0.00011138,1769.00000000,29.00000000,1.00000000,3.00000000,1769.00000000,0.58186114
0.00202436,0.00146027,0.00150514,0.00173222,0.00051271,0.00136913,0.00127714,0.00020212,0.00143364,0.00121971,0.00117389,0.00123382,0.00028798,0.00097146,0.00103371,0.00131515,0.00007542,0.00119049,0.00128610,0.00050807,0.00170263,0.00133125,0.00125780,0.00155635,0.00017187,0.00126443,0.00139428,0.00054862,0.00190004,0.00152338,0.00147093,0.00017420,1648.00000000,1375.00000000,1.00000000,3.00000000,1648.00000000,0.46575895
0.00576891,0.00384412,0.00406117,0.00524010,0.00163093,0.00419767,0.00404264,0.00063330,0.00501974,0.00382847,0.00393878,0.00490508,0.00127915,0.00386585,0.00370317,0.00520506,0.00046648,0.00403668,0.00419831,0.00154069,0.00508387,0.00380878,0.00346501,0.00423889,0.00060177,0.00388480,0.00436244,0.00151221,0.00559397,0.00466098,0.00421381,0.00049987,1843.00000000,1557.00000000,1.00000000,3.00000000,1843.00000000,0.44392034
0.00089068,0.00048794,0.00045916,0.00073898,0.00032377,0.00107872,0.00130064,0.00020713,0.00179012,0.00121776,0.00115195,0.00125284,0.00019476,0.00122212,0.00133312,0.00190738,0.00019713,0.00125358,0.00126240,0.00056037,0.00183640,0.00153167,0.00158963,0.00216695,0.00023348,0.00149048,0.00137740,0.00037050,0.00148098,0.00108866,0.00089880,0.00010727,1804.00000000,13.00000000,1.00000000,3.00000000,1804.00000000,0.54883409
0.00146236,0.00175305,0.00204513,0.00270308,0.00079914,0.00234845,0.00230943,0.00032143,0.00312173,0.00238358,0.00263530,0.00354441,0.00095217,0.00311050,0.00315025,0.00486739,0.00044249,0.00346823,0.00366492,0.00125054,0.00461843,0.00370739,0.00362911,0.00459121,0.00053630,0.00322263,0.00269722,0.00083928,0.00188316,0.00101911,0.00091712,0.00017307,1811.00000000,1658.00000000,1.00000000,3.00000000,1811.00000000,0.57165045
-0.00458014,-0.00293559,-0.00311971,-0.00385069,-0.00094335,-0.00296772,-0.00278432,-0.00039190,-0.00396346,-0.00290577,-0.00307871,-0.00371128,-0.00113870,-0.00302328,-0.00287927,-0.00336843,-0.00023885,-0.00266801,-0.00250599,-0.00104023,-0.00272551,-0.00142110,-0.00055876,0.00001961,-0.00009210,-0.00106911,-0.00224952,-0.00125124,-0.00411804,-0.00349856,-0.00327268,-0.00034637,1887.00000000,423.00000000,1.00000000,3.00000000,1887.00000000,0.58386701
0.00387011,0.00300779,0.00283327,0.00325568,0.00100603,0.00273574,0.00266939,0.00041323,0.00329136,0.00261419,0.00263820,0.00335649,0.00079762,0.00294509,0.00276687,0.00404603,0.00017176,0.00265274,0.00285531,0.00094925,0.00357082,0.00255612,0.00216635,0.00230103,0.00044418,0.00219357,0.00260386,0.00128709,0.00371803,0.00310162,0.00317921,0.00037944,1889.00000000,703.00000000,1.00000000,3.00000000,1889.00000000,0.45601806
0.00323562,0.00201602,0.00211517,0.00247819,0.00074035,0.00218925,0.00188237,0.00031889,0.00190124,0.00175507,0.00215241,0.00312559,0.00082915,0.00248716,0.00229303,0.00334030,0.00005798,0.00228463,0.00250019,0.00078025,0.00325713,0.00245981,0.00226461,0.00276963,0.00036891,0.00240521,0.00257298,0.00083999,0.00290442,0.00232025,0.00212191,0.00002983,1892.00000000,490.00000000,1.00000000,3.00000000,1892.00000000,0.48002866
0.00422963,0.00279923,0.00287605,0.00335654,0.00086752,0.00193766,0.00096117,0.00006465,0.00008907,0.00054356,0.00151573,0.00323434,0.00135286,0.00315355,0.00330996,0.00407037,0.00037763,0.00320527,0.00315600,0.00114981,0.00382941,0.00292211,0.00272002,0.00337461,0.00037513,0.00262865,0.00287613,0.00105561,0.00388303,0.00310493,0.00283922,0.00015740,1901.00000000,673.00000000,1.00000000,3.00000000,1901.00000000,0.57675141
-0.00300342,-0.00216488,-0.00243191,-0.00337016,-0.00102697,-0.00296283,-0.00268542,-0.00044672,-0.00366258,-0.00280322,-0.00296635,-0.00374243,-0.00088765,-0.00267371,-0.00248580,-0.00372903,-0.00018336,-0.00274841,-0.00282560,-0.00095299,-0.00311940,-0.00179634,-0.00086122,0.00005749,-0.00003205,-0.00047821,-0.00130217,-0.00079571,-0.00250644,-0.00229035,-0.00227942,-0.00007527,1900.00000000,425.00000000,1.00000000,3.00000000,1900.00000000,0.59908205
0.00400566,0.00290669,0.00301009,0.00362808,0.00107959,0.00291041,0.00276919,0.00046201,0.00325153,0.00273188,0.00284363,0.00355104,0.00089892,0.00292469,0.00290516,0.00410193,0.00028476,0.00301408,0.00310509,0.00119482,0.00393431,0.00283407,0.00245096,0.00258922,0.00046832,0.00238531,0.00272346,0.00120973,0.00368499,0.00300858,0.00293183,0.00022993,1905.00000000,489.00000000,1.00000000,3.00000000,1905.00000000,0.44688430
0.00383520,0.00320564,0.00301984,0.00319296,0.00098721,0.00148282,0.00059902,0.00004360,0.00006641,0.00100470,0.00201773,0.00364222,0.00105847,0.00293522,0.00283919,0.00415835,0.00017499,0.00267583,0.00279358,0.00076549,0.00357505,0.00283190,0.00265369,0.00338381,0.00040327,0.00260368,0.00276269,0.00113480,0.00364515,0.00295645,0.00299595,0.00034852,1907.00000000,431.00000000,1.00000000,3.00000000,1907.00000000,0.57831681
0.00148820,0.00100817,0.00075035,0.00074580,0.00030906,0.00068459,0.00091603,0.00018763,0.00146745,0.00141142,0.00154142,0.00203865,0.00049923,0.00159523,0.00145045,0.00186543,0.00015150,0.00114445,0.00111563,0.00033130,0.00140431,0.00126187,0.00133037,0.00196903,0.00013708,0.00127864,0.00127108,0.00030659,0.00145205,0.00120118,0.00121310,0.00015666,2165.00000000,273.00000000,1.00000000,3.00000000,2165.00000000,0.52295762
0.00528125,0.00326760,0.00364623,0.00446907,0.00110261,0.00353437,0.00300575,0.00044816,0.00245312,0.00122384,0.00115396,0.00186202,0.00080632,0.00201975,0.00231852,0.00327220,0.00038433,0.00273595,0.00294175,0.00101583,0.00342319,0.00257409,0.00234437,0.00271773,0.00044079,0.00234221,0.00277065,0.00127250,0.00409378,0.00346228,0.00333136,0.00035348,2237.00000000,1659.00000000,1.00000000,3.00000000,2237.00000000,0.52881855
0.00166011,0.00081251,0.00057899,0.00060807,0.00026559,0.00073577,0.00111850,0.00019804,0.00197511,0.00168833,0.00164615,0.00180007,0.00043053,0.00132811,0.00119327,0.00140179,0.00017570,0.00105795,0.00104480,0.00044521,0.00126982,0.00097870,0.00095068,0.00159644,0.00007149,0.00110673,0.00126157,0.00022395,0.00163914,0.00144981,0.00137086,0.00015182,2146.00000000,278.00000000,1.00000000,3.00000000,2146.00000000,0.54415512
0.00145111,0.00106165,0.00110918,0.00157925,0.00053450,0.00132341,0.00126821,0.00011684,0.00171606,0.00105083,0.00121349,0.00159476,0.00029897,0.00150047,0.00149035,0.00196035,0.00019096,0.00120153,0.00100653,0.00039599,0.00106775,0.00093853,0.00103934,0.00150919,0.00017744,0.00131875,0.00128389,0.00032137,0.00141341,0.00126884,0.00125636,0.00017345,2120.00000000,55.00000000,1.00000000,3.00000000,2120.00000000,0.47535986
0.00225771,0.00220374,0.00242532,0.00308814,0.00080517,0.00235473,0.00208070,0.00025776,0.00258710,0.00164014,0.00164179,0.00224074,0.00074959,0.00194333,0.00202907,0.00318397,0.00031767,0.00209418,0.00205885,0.00032916,0.00216656,0.00181305,0.00173837,0.00238909,0.00022272,0.00159777,0.00140013,0.00066344,0.00169494,0.00133605,0.00151654,0.00034036,2173.00000000,1797.00000000,1.00000000,3.00000000,2173.00000000,0.48683596
-0.00209425,-0.00161811,-0.00161053,-0.00187099,-0.00053372,-0.00108466,-0.00069848,-0.00008242,-0.00051430,-0.00035141,-0.00057528,-0.00103394,-0.00033088,-0.00098291,-0.00110126,-0.00166586,-0.00008587,-0.00129314,-0.00129944,-0.00035955,-0.00164065,-0.00133871,-0.00119595,-0.00166012,-0.00009574,-0.00128464,-0.00148317,-0.00055126,-0.00213372,-0.00173232,-0.00167653,-0.00022824,2338.00000000,1745.00000000,1.00000000,3.00000000,2338.00000000,0.57486564
0.00212586,0.00162285,0.00136624,0.00107108,0.00006992,0.00075185,0.00068411,0.00003255,0.00096245,0.00087802,0.00140092,0.00217020,0.00071226,0.00189523,0.00201915,0.00246630,0.00022524,0.00184541,0.00172106,0.00064475,0.00168177,0.00082843,0.00057308,0.00112690,0.00002446,0.00110069,0.00137763,0.00050541,0.00204994,0.00170394,0.00169215,0.00019541,2513.00000000,1702.00000000,1.00000000,3.00000000,2513.00000000,0.58674502
0.00053085,0.00075883,0.00106316,0.00154478,0.00057407,0.00142955,0.00135929,0.00021720,0.00168296,0.00123020,0.00123441,0.00174215,0.00046239,0.00160180,0.00129617,0.00138078,0.00004889,0.00050622,0.00076946,0.00029272,0.00162309,0.00146697,0.00157741,0.00209838,0.00026816,0.00174712,0.00169215,0.00065274,0.00143372,0.00071388,0.00039094,-0.00007018,2395.00000000,1663.00000000,1.00000000,3.00000000,2395.00000000,0.56227738
0.00145846,0.00187926,0.00197003,0.00221944,0.00058221,0.00129705,0.00103359,0.00014097,0.00201930,0.00180507,0.00182849,0.00165969,-0.00006549,0.00136044,0.00154511,0.00280104,0.00016715,0.00192179,0.00197978,0.00057303,0.00148412,0.00074645,0.00088266,0.00139456,0.00024994,0.00151342,0.00133172,0.00056371,0.00100321,0.00055792,0.00072280,0.00017611,2503.00000000,1666.00000000,1.00000000,3.00000000,2503.00000000,0.57971627
0.00150448,0.00099143,0.00108564,0.00146616,0.00043543,0.00121352,0.00133397,0.00018980,0.00160053,0.00110421,0.00111165,0.00187103,0.00069808,0.00189816,0.00204928,0.00282054,0.00010095,0.00188863,0.00173738,0.00037017,0.00213783,0.00181374,0.00140630,0.00125238,0.00007002,0.00084392,0.00114507,0.00047678,0.00204229,0.00183243,0.00166958,0.00024290,2510.00000000,1765.00000000,1.00000000,3.00000000,2510.00000000,0.53439432
-0.00208178,-0.00155026,-0.00156432,-0.00188040,-0.00061933,-0.00119779,-0.00062501,-0.00006164,0.00004877,-0.00007738,-0.00048045,-0.00122214,-0.00057572,-0.00129419,-0.00137883,-0.00168629,-0.00021043,-0.00141336,-0.00148547,-0.00057113,-0.00185485,-0.00128114,-0.00126928,-0.00196861,-0.00013782,-0.00144988,-0.00157807,-0.00043571,-0.00178841,-0.00140624,-0.00140680,-0.00009658,2442.00000000,1691.00000000,1.00000000,3.00000000,2442.00000000,0.59202796
0.00130806,0.00102804,0.00125046,0.00178142,0.00050300,0.00155449,0.00148674,0.00020765,0.00200341,0.00138950,0.00141034,0.00173695,0.00045731,0.00127839,0.00122484,0.00192442,0.00014637,0.00148656,0.00153695,0.00041392,0.00173549,0.00137140,0.00127033,0.00112690,0.00010439,0.00069518,0.00060991,0.00022506,0.00072771,0.00068492,0.00076961,0.00009634,2491.00000000,302.00000000,1.00000000,3.00000000,2491.00000000,0.54163361
-0.00184819,-0.00096301,-0.00122374,-0.00181399,-0.00051231,-0.00171290,-0.00167394,-0.00023709,-0.00213542,-0.00157449,-0.00153116,-0.00178783,-0.00036191,-0.00166673,-0.00165339,-0.00260951,-0.00017582,-0.00181572,-0.00192120,-0.00064122,-0.00214536,-0.00126564,-0.00059393,-0.00011686,-0.00004667,-0.00060111,-0.00123862,-0.00055141,-0.00178653,-0.00148212,-0.00126823,0.00000036,2431.00000000,1641.00000000,1.00000000,3.00000000,2431.00000000,0.58074307
0.00135646,0.00094895,0.00088996,0.00129071,0.00047853,0.00130306,0.00141145,0.00019460,0.00216060,0.00146551,0.00155071,0.00186792,0.00035399,0.00159219,0.00154955,0.00218014,0.00021923,0.00143222,0.00139926,0.00064030,0.00163057,0.00116401,0.00104974,0.00122603,0.00008161,0.00077794,0.00072868,0.00011054,0.00095615,0.00108236,0.00124969,0.00020932,2671.00000000,79.00000000,1.00000000,3.00000000,2671.00000000,0.52555251
0.00108792,0.00045945,0.00033656,0.00059892,0.00027765,0.00075883,0.00095094,0.00014517,0.00170125,0.00148711,0.00172264,0.00212809,0.00056645,0.00155709,0.00134549,0.00144377,0.00019937,0.00088024,0.00081726,0.00042812,0.00136796,0.00137576,0.00165236,0.00256716,0.00021111,0.00183485,0.00174304,0.00038399,0.00191692,0.00152863,0.00131420,0.00019661,2618.00000000,81.00000000,1.00000000,3.00000000,2618.00000000,0.59549087
0.00162667,0.00118633,0.00109149,0.00136397,0.00051294,0.00106950,0.00108372,0.00017593,0.00160720,0.00124556,0.00143102,0.00190532,0.00046801,0.00158639,0.00143882,0.00184361,0.00017424,0.00119527,0.00105854,0.00039065,0.00122746,0.00100635,0.00109463,0.00170460,0.00017280,0.00140961,0.00151177,0.00043570,0.00180038,0.00145382,0.00137628,0.00018081,2690.00000000,207.00000000,1.00000000,3.00000000,2690.00000000,0.46694916
0.00160076,0.00109638,0.00120028,0.00145383,0.00041206,0.00098979,0.00076534,0.00010892,0.00057781,0.00056452,0.00084535,0.00154004,0.00058369,0.00152191,0.00159202,0.00222961,0.00019560,0.00167391,0.00174521,0.00056836,0.00203225,0.00142474,0.00116886,0.00132010,0.00016115,0.00102802,0.00109508,0.00041275,0.00139496,0.00114234,0.00106997,0.00011965,2899.00000000,375.00000000,1.00000000,3.00000000,2899.00000000,0.53059906
0.00241462,0.00152391,0.00151655,0.00172987,0.00040748,0.00113347,0.00102139,0.00011217,0.00153749,0.00127825,0.00144167,0.00172214,0.00049240,0.00110141,0.00081781,0.00052398,0.00004680,0.00033712,0.00044802,0.00030790,0.00120687,0.00132823,0.00157830,0.00233166,0.00024724,0.00182557,0.00190779,0.00059343,0.00235132,0.00185293,0.00168985,0.00022863,2954.00000000,578.00000000,1.00000000,3.00000000,2954.00000000,0.59704685
0.00075930,0.00047099,0.00045744,0.00077517,0.00036486,0.00094624,0.00119642,0.00019889,0.00181519,0.00158256,0.00163763,0.00200933,0.00058484,0.00169088,0.00159166,0.00201184,0.00021095,0.00144910,0.00150366,0.00058538,0.00189879,0.00147363,0.00142402,0.00204775,0.00020692,0.00150288,0.00149828,0.00043838,0.00151832,0.00106218,0.00088463,0.00013535,3136.00000000,474.00000000,1.00000000,3.00000000,3136.00000000,0.54025346
0.00099479,0.00082216,0.00092496,0.00141351,0.00047221,0.00132477,0.00135555,0.00017274,0.00211521,0.00155230,0.00172350,0.00218534,0.00052377,0.00178887,0.00169568,0.00219214,0.00021664,0.00137096,0.00125263,0.00051672,0.00133461,0.00094645,0.00085976,0.00108127,0.00010932,0.00089119,0.00085198,0.00020023,0.00085056,0.00084153,0.00093114,0.00013492,3206.00000000,576.00000000,1.00000000,3.00000000,3206.00000000,0.55776787
-0.00149256,-0.00197177,-0.00155375,-0.00214889,-0.00069444,-0.00157119,-0.00170274,0.00000000,-0.00196623,-0.00164340,-0.00146940,-0.00189027,-0.00072587,-0.00104141,-0.00136428,-0.00047476,0.00000000,-0.00099819,-0.00061606,-0.00048426,-0.00145400,-0.00118088,-0.00139926,-0.00203348,0.00000000,-0.00154018,-0.00148786,-0.00061935,-0.00201623,-0.00156486,-0.00195576,0.00000000,164.00000000,1674.00000000,2.00000000,2.00000000,164.00000000,0.53865254
-0.00254414,-0.00255697,-0.00246391,-0.00326314,-0.00093311,-0.00229418,-0.00233646,0.00000000,-0.00253077,-0.00199847,-0.00167858,-0.00208413,-0.00056152,-0.00088307,-0.00083365,-0.00099652,0.00000000,-0.00121607,-0.00114953,-0.00075237,-0.00239017,-0.00175302,-0.00218258,-0.00266857,0.00000000,-0.00247821,-0.00236432,-0.00093940,-0.00326648,-0.00233791,-0.00240111,0.00009243,198.00000000,1298.00000000,2.00000000,2.00000000,198.00000000,0.57521379
-0.00049375,-0.00083961,-0.00118676,-0.00236862,-0.00079184,-0.00197733,-0.00216824,0.00000000,-0.00233262,-0.00207006,-0.00192700,-0.00258828,-0.00085461,-0.00188549,-0.00216344,-0.00197758,0.00000000,-0.00195413,-0.00174713,-0.00066927,-0.00255978,-0.00191844,-0.00178168,-0.00301460,0.00000000,-0.00170422,-0.00200881,-0.00056290,-0.00242263,-0.00133202,-0.00088790,0.00000000,62.00000000,1634.00000000,2.00000000,2.00000000,62.00000000,0.56488913
0.00699943,0.00623322,0.00534778,0.00769516,0.00245669,0.00479660,0.00563167,0.00015410,0.00585400,0.00647651,0.00624853,0.00886083,0.00233334,0.00664066,0.00684922,0.00768438,0.00000000,0.00644125,0.00591456,0.00236390,0.00830719,0.00575880,0.00615478,0.00737564,0.00000000,0.00655635,0.00655557,0.00238795,0.00927049,0.00654091,0.00667171,0.00000000,1998.00000000,1656.00000000,2.00000000,2.00000000,1998.00000000,0.48973238
0.00674724,0.00597727,0.00555726,0.00829337,0.00255938,0.00523596,0.00597640,0.00000000,0.00713315,0.00718778,0.00668670,0.00910843,0.00254035,0.00516981,0.00516524,0.00609691,0.00000000,0.00658588,0.00686557,0.00277189,0.01014593,0.00741083,0.00755648,0.00871704,0.00000000,0.00674879,0.00639545,0.00190687,0.00799729,0.00592479,0.00582312,0.00000000,2016.00000000,1498.00000000,2.00000000,2.00000000,2016.00000000,0.50368434
0.00708063,0.00668559,0.00605990,0.00910140,0.00286346,0.00597769,0.00646441,0.00000000,0.00600093,0.00637454,0.00598099,0.00946474,0.00310211,0.00649682,0.00725008,0.00675472,0.00000000,0.00682462,0.00592312,0.00290968,0.00881801,0.00559341,0.00617947,0.00633257,0.00000000,0.00660576,0.00635309,0.00282771,0.00958977,0.00662260,0.00705336,0.00000000,2062.00000000,1644.00000000,2.00000000,2.00000000,2062.00000000,0.47849986
0.00112571,0.00113740,0.00084231,0.00116416,0.00034587,0.00083181,0.00112791,0.00000000,0.00121949,0.00115270,0.00109569,0.00156017,0.00039115,0.00104268,0.00111343,0.00140377,0.00000000,0.00155905,0.00164110,0.00064778,0.00240793,0.00179456,0.00179780,0.00155258,0.00000000,0.00106506,0.00076192,0.00037372,0.00128621,0.00095143,0.00126766,0.00000000,2444.00000000,1806.00000000,2.00000000,2.00000000,2444.00000000,0.56123775
0.00793024,0.00656769,0.00630144,0.00884608,0.00238800,0.00613224,0.00640775,0.00000000,0.00699041,0.00653546,0.00620560,0.00856264,0.00247790,0.00612869,0.00656699,0.00666446,0.00000000,0.00647845,0.00612682,0.00243579,0.00874083,0.00638319,0.00652218,0.00798938,0.00000000,0.00672784,0.00683409,0.00236988,0.00948536,0.00686553,0.00685296,0.00000000,1928.00000000,1558.00000000,2.00000000,2.00000000,1928.00000000,0.48856562
0.00688793,0.00674797,0.00605916,0.00843955,0.00258647,0.00536290,0.00576167,0.00000000,0.00572468,0.00613137,0.00626802,0.00960044,0.00260444,0.00756241,0.00753863,0.00914659,0.00000000,0.00731747,0.00713446,0.00256422,0.00975261,0.00660469,0.00666123,0.00703258,0.00000000,0.00680806,0.00647701,0.00284567,0.00928287,0.00629893,0.00668476,0.00000000,1978.00000000,1598.00000000,2.00000000,2.00000000,1978.00000000,0.49423441
0.00644330,0.00645113,0.00564572,0.00858986,0.00280061,0.00567956,0.00644750,0.00000000,0.00613374,0.00618781,0.00543997,0.00847382,0.00265837,0.00581656,0.00655356,0.00757214,0.00000000,0.00736593,0.00691705,0.00289208,0.00978321,0.00637247,0.00662760,0.00658200,0.00000000,0.00638662,0.00584107,0.00270693,0.00881779,0.00604015,0.00669718,0.00000000,1854.00000000,1394.00000000,2.00000000,2.00000000,1854.00000000,0.48134926
0.00737362,0.00677360,0.00627727,0.00888061,0.00233762,0.00641293,0.00662692,0.00000000,0.00826549,0.00655303,0.00634628,0.00872826,0.00229974,0.00626136,0.00665036,0.00766992,0.00000000,0.00678294,0.00633018,0.00251831,0.00884090,0.00620659,0.00680951,0.00701681,0.00000000,0.00666511,0.00626664,0.00260786,0.00904879,0.00649791,0.00702425,0.00000000,1834.00000000,1332.00000000,2.00000000,2.00000000,1834.00000000,0.48628575
0.00693146,0.00630359,0.00583051,0.00813850,0.00231860,0.00556174,0.00583076,0.00000000,0.00647447,0.00617838,0.00592450,0.00812671,0.00203247,0.00624313,0.00644430,0.00783632,0.00000000,0.00644463,0.00615749,0.00220427,0.00837386,0.00599318,0.00616720,0.00786151,0.00000000,0.00642413,0.00642865,0.00212653,0.00867116,0.00622663,0.00634986,0.00000000,1850.00000000,1582.00000000,2.00000000,2.00000000,1850.00000000,0.49273822
0.00757368,0.00660061,0.00616950,0.00837970,0.00233454,0.00577445,0.00589441,0.00000000,0.00713373,0.00585601,0.00613655,0.00824235,0.00167331,0.00647283,0.00625576,0.00845179,0.00000000,0.00636956,0.00630416,0.00218545,0.00820158,0.00573177,0.00605564,0.00700573,0.00000000,0.00640915,0.00640327,0.00217472,0.00873026,0.00653516,0.00661965,0.00000000,1808.00000000,1446.00000000,2.00000000,2.00000000,1808.00000000,0.49786562
-0.00148917,-0.00168032,-0.00148887,-0.00217830,-0.00074184,-0.00147735,-0.00158579,0.00000000,-0.00149011,-0.00135926,-0.00114282,-0.00167303,-0.00048581,-0.00080355,-0.00079739,-0.00086310,0.00000000,-0.00107494,-0.00111067,-0.00067165,-0.00199233,-0.00130578,-0.00140888,-0.00101341,0.00000000,-0.00083635,-0.00080931,-0.00036557,-0.00164459,-0.00138955,-0.00167962,0.00000000,1876.00000000,2058.00000000,2.00000000,2.00000000,1876.00000000,0.53876877
0.00817575,0.00613686,0.00571702,0.00764536,0.00224062,0.00526161,0.00575906,0.00009037,0.00602600,0.00594794,0.00600501,0.00856426,0.00201646,0.00667381,0.00653956,0.00823684,0.00000000,0.00614404,0.00586271,0.00209648,0.00789662,0.00552534,0.00582774,0.00686622,0.00000000,0.00603456,0.00618869,0.00196985,0.00856528,0.00664741,0.00648246,0.00000000,1920.00000000,1676.00000000,2.00000000,2.00000000,1920.00000000,0.49910736
0.00808487,0.00714004,0.00660833,0.00896863,0.00263079,0.00597750,0.00628958,0.00000000,0.00590045,0.00607458,0.00566250,0.00887525,0.00252387,0.00645130,0.00694507,0.00875784,0.00000000,0.00709575,0.00703674,0.00227267,0.00936403,0.00664977,0.00666429,0.00742761,0.00000000,0.00649914,0.00622973,0.00249079,0.00899272,0.00663563,0.00711264,0.00000000,1920.00000000,1446.00000000,2.00000000,2.00000000,1920.00000000,0.49269107
0.00579211,0.00593661,0.00540074,0.00819040,0.00244055,0.00566629,0.00600070,0.00000000,0.00713640,0.00608725,0.00621428,0.00882068,0.00221552,0.00647272,0.00658896,0.00717601,0.00000000,0.00617543,0.00549333,0.00256788,0.00816270,0.00582601,0.00651340,0.00687141,0.00000000,0.00701277,0.00654464,0.00258139,0.00882807,0.00603256,0.00625684,0.00000000,2136.00000000,1494.00000000,2.00000000,2.00000000,2136.00000000,0.48494336
0.00678071,0.00643389,0.00619466,0.00903697,0.00256749,0.00648284,0.00683335,0.00000000,0.00711602,0.00653055,0.00590848,0.00820621,0.00241411,0.00540682,0.00564852,0.00550016,0.00000000,0.00570057,0.00548882,0.00253931,0.00836228,0.00558000,0.00579826,0.00546178,0.00000000,0.00518420,0.00491594,0.00243385,0.00813474,0.00566103,0.00629898,0.00000000,2110.00000000,1676.00000000,2.00000000,2.00000000,2110.00000000,0.48887795
0.00185515,0.00126364,0.00106096,0.00145344,0.00042006,0.00086228,0.00098066,0.00000000,0.00132903,0.00129104,0.00135426,0.00175203,0.00035589,0.00128100,0.00122637,0.00139848,0.00000000,0.00114190,0.00083131,0.00032568,0.00080386,0.00054479,0.00089348,0.00130325,0.00000000,0.00150134,0.00154044,0.00049202,0.00212749,0.00160702,0.00155699,0.00000000,3054.00000000,800.00000000,2.00000000,2.00000000,3054.00000000,0.56435621
0.00138688,0.00101279,0.00068775,0.00093961,0.00033211,0.00093437,0.00134613,0.00000000,0.00177521,0.00168756,0.00153630,0.00196202,0.00046912,0.00113892,0.00095604,0.00107134,0.00000000,0.00091547,0.00099658,0.00039359,0.00153795,0.00114504,0.00121782,0.00167482,0.00000000,0.00141284,0.00141228,0.00045514,0.00186761,0.00134926,0.00136764,0.00000000,3152.00000000,868.00000000,2.00000000,2.00000000,3152.00000000,0.54833823
-0.00027607,-0.00087335,-0.00159531,-0.00237353,-0.00064365,-0.00174592,-0.00154583,-0.00000416,-0.00218258,-0.00128680,-0.00142285,-0.00193867,-0.00039033,-0.00209362,-0.00207889,-0.00323080,-0.00021802,-0.00214878,-0.00218563,-0.00066513,-0.00260397,-0.00206983,-0.00202591,-0.00268751,-0.00027660,-0.00213489,-0.00211168,-0.00087407,-0.00228487,-0.00122798,-0.00068147,-0.00012242,66.00000000,1632.00000000,2.00000000,3.00000000,66.00000000,0.57378656
-0.00092363,-0.00066764,-0.00133839,-0.00234136,-0.00078049,-0.00199486,-0.00205740,-0.00014773,-0.00284396,-0.00215271,-0.00220092,-0.00248229,-0.00078299,-0.00154955,-0.00100513,-0.00071806,-0.00016203,-0.00090853,-0.00144727,-0.00078010,-0.00243618,-0.00199317,-0.00192991,-0.00268039,-0.00005515,-0.00182601,-0.00195266,-0.00053603,-0.00259128,-0.00193122,-0.00124684,-0.00019564,100.00000000,1584.00000000,2.00000000,3.00000000,100.00000000,0.56209040
-0.00412255,-0.00290481,-0.00292487,-0.00357067,-0.00100096,-0.00284326,-0.00284187,-0.00038890,-0.00377277,-0.00297745,-0.00282591,-0.00308287,-0.00090964,-0.00148424,-0.00072689,-0.00065287,-0.00010129,-0.00091741,-0.00154945,-0.00084404,-0.00320690,-0.00287328,-0.00286180,-0.00399379,-0.00033221,-0.00283694,-0.00295811,-0.00090338,-0.00366912,-0.00300547,-0.00294011,-0.00032426,72.00000000,1670.00000000,2.00000000,3.00000000,72.00000000,0.56625783
-0.00225805,-0.00155390,-0.00172455,-0.00231308,-0.00084231,-0.00186906,-0.00208962,-0.00027932,-0.00251823,-0.00238053,-0.00241028,-0.00310406,-0.00081304,-0.00275971,-0.00262237,-0.00382505,-0.00022960,-0.00251700,-0.00266958,-0.00073616,-0.00324782,-0.00258986,-0.00246284,-0.00353830,-0.00029897,-0.00237985,-0.00260020,-0.00083880,-0.00312442,-0.00221132,-0.00172774,-0.00032982,70.00000000,1998.00000000,2.00000000,3.00000000,70.00000000,0.48633313
-0.00105708,-0.00062775,-0.00094228,-0.00184114,-0.00081164,-0.00221266,-0.00240517,-0.00025041,-0.00279941,-0.00220115,-0.00201715,-0.00236477,-0.00070754,-0.00154347,-0.00105189,-0.00148146,-0.00022520,-0.00140421,-0.00182300,-0.00093106,-0.00304709,-0.00258773,-0.00266968,-0.00365321,-0.00035617,-0.00270238,-0.00271849,-0.00076403,-0.00247029,-0.00139122,-0.00081585,0.00016614,22.00000000,1994.00000000,2.00000000,3.00000000,22.00000000,0.58877367
-0.00109721,-0.00067695,-0.00170767,-0.00313302,-0.00108622,-0.00292676,-0.00308726,-0.00033843,-0.00367358,-0.00302249,-0.00279447,-0.00324917,-0.00106073,-0.00216616,-0.00162986,-0.00191725,-0.00040895,-0.00175109,-0.00232288,-0.00110325,-0.00362065,-0.00293960,-0.00272493,-0.00387488,-0.00020169,-0.00278695,-0.00290879,-0.00105307,-0.00369416,-0.00242143,-0.00136997,-0.00027781,116.00000000,1266.00000000,2.00000000,3.00000000,116.00000000,0.52985168
-0.00241339,-0.00192357,-0.00206979,-0.00270219,-0.00075518,-0.00220653,-0.00217036,-0.00025468,-0.00298830,-0.00225000,-0.00223790,-0.00259161,-0.00083671,-0.00166779,-0.00114024,-0.00081145,-0.00007872,-0.00080336,-0.00125795,-0.00064562,-0.00230884,-0.00199679,-0.00191393,-0.00272110,-0.00003461,-0.00166874,-0.00172258,-0.00035715,-0.00228573,-0.00191185,-0.00172952,-0.00007001,120.00000000,1560.00000000,2.00000000,3.00000000,120.00000000,0.54270655
-0.00141639,-0.00110153,-0.00180604,-0.00272255,-0.00089240,-0.00254825,-0.00258930,-0.00035718,-0.00324220,-0.00257126,-0.00260346,-0.00318849,-0.00064579,-0.00250535,-0.00222378,-0.00371730,-0.00013812,-0.00218035,-0.00241212,-0.00056596,-0.00301943,-0.00244837,-0.00240080,-0.00321977,-0.00037085,-0.00249726,-0.00240333,-0.00092939,-0.00255098,-0.00157489,-0.00089786,0.00008698,218.00000000,1678.00000000,2.00000000,3.00000000,218.00000000,0.53281385
-0.00175789,-0.00147179,-0.00165788,-0.00211305,-0.00055255,-0.00180613,-0.00172210,-0.00019339,-0.00239655,-0.00159651,-0.00164067,-0.00200114,-0.00047310,-0.00154804,-0.00144996,-0.00226558,-0.00015434,-0.00157027,-0.00169951,-0.00045943,-0.00203496,-0.00163088,-0.00157201,-0.00206712,-0.00024310,-0.00172489,-0.00173508,-0.00071669,-0.00206835,-0.00155755,-0.00142737,-0.00023241,458.00000000,712.00000000,2.00000000,3.00000000,458.00000000,0.45745561
0.00699792,0.00445399,0.00460499,0.00509330,0.00123500,0.00458033,0.00449448,0.00071996,0.00544168,0.00473988,0.00500126,0.00636914,0.00143316,0.00528062,0.00447491,0.00735953,0.00029606,0.00411280,0.00475817,0.00102559,0.00593370,0.00481276,0.00468898,0.00655639,0.00070492,0.00501426,0.00517861,0.00190828,0.00657095,0.00546352,0.00510534,0.00041500,1790.00000000,1392.00000000,2.00000000,3.00000000,1790.00000000,0.48260602
0.00643817,0.00468730,0.00504895,0.00633504,0.00127367,0.00516159,0.00472661,0.00047344,0.00698296,0.00459530,0.00452792,0.00527980,0.00170040,0.00416195,0.00434752,0.00563866,0.00052735,0.00445108,0.00453277,0.00118923,0.00535980,0.00450305,0.00421450,0.00621443,0.00044350,0.00433279,0.00446885,0.00139871,0.00545641,0.00449867,0.00461737,0.00061843,1976.00000000,1258.00000000,2.00000000,3.00000000,1976.00000000,0.47406244
0.00683667,0.00463890,0.00480604,0.00580296,0.00149146,0.00463841,0.00458517,0.00051090,0.00632421,0.00480074,0.00508435,0.00632915,0.00152689,0.00550927,0.00543118,0.00747420,0.00070738,0.00572846,0.00590933,0.00218386,0.00739892,0.00594987,0.00581432,0.00789857,0.00066073,0.00556060,0.00560919,0.00141081,0.00637202,0.00507324,0.00462769,0.00043855,1980.00000000,1164.00000000,2.00000000,3.00000000,1980.00000000,0.47500435
0.00759995,0.00562668,0.00603305,0.00786786,0.00234750,0.00672655,0.00662140,0.00084869,0.00864151,0.00664303,0.00680841,0.00836674,0.00259107,0.00675644,0.00664481,0.00792253,0.00101504,0.00644879,0.00649968,0.00229599,0.00790710,0.00647518,0.00617830,0.00869195,0.00067090,0.00602704,0.00628712,0.00196195,0.00771021,0.00612163,0.00579050,0.00067878,1978.00000000,1766.00000000,2.00000000,3.00000000,1978.00000000,0.44487649
0.00191991,0.00152134,0.00163600,0.00180577,0.00037749,0.00151983,0.00146358,0.00011762,0.00198928,0.00129988,0.00149514,0.00187003,0.00044968,0.00145480,0.00131846,0.00162941,0.00013111,0.00115232,0.00120979,0.00045353,0.00179853,0.00164424,0.00162926,0.00222284,0.00018139,0.00140719,0.00138809,0.00030162,0.00133781,0.00093139,0.00085135,0.00005687,1658.00000000,176.00000000,2.00000000,3.00000000,1658.00000000,0.51072651
0.00277191,0.00177695,0.00181737,0.00202718,0.00022126,0.00206323,0.00214499,0.00009680,0.00343979,0.00241626,0.00249208,0.00288962,0.00098199,0.00184979,0.00098928,0.00030340,0.00017048,0.00093941,0.00175517,0.00095248,0.00278610,0.00243176,0.00240590,0.00335230,0.00013389,0.00222429,0.00232860,0.00055382,0.00286414,0.00217865,0.00183111,0.00018057,2396.00000000,1128.00000000,2.00000000,3.00000000,2396.00000000,0.57501972
0.00271879,0.00251224,0.00246134,0.00270147,0.00054547,0.00234911,0.00233616,0.00022079,0.00335222,0.00236459,0.00236443,0.00267266,0.00066194,0.00233712,0.00241657,0.00309755,0.00024119,0.00232485,0.00222032,0.00056486,0.00256213,0.00244497,0.00266371,0.00318457,0.00023936,0.00183611,0.00091730,-0.00008636,0.00031321,0.00078842,0.00143734,0.00034083,2402.00000000,1372.00000000,2.00000000,3.00000000,2402.00000000,0.58640504
0.00309964,0.00269143,0.00266249,0.00312036,0.00086429,0.00261181,0.00278298,0.00031909,0.00353834,0.00276078,0.00268210,0.00309377,0.00100105,0.00253637,0.00253987,0.00277151,0.00042312,0.00241401,0.00242713,0.00096851,0.00301699,0.00245288,0.00234565,0.00337820,0.00015864,0.00230384,0.00242756,0.00077547,0.00319969,0.00255923,0.00252860,0.00038575,2400.00000000,1318.00000000,2.00000000,3.00000000,2400.00000000,0.44291779
-0.00247179,-0.00165977,-0.00114774,-0.00156123,-0.00038003,-0.00122732,-0.00115936,0.00010086,-0.00232331,-0.00151178,-0.00209094,-0.00307416,-0.00094150,-0.00257499,-0.00185964,-0.00192910,-0.00033835,-0.00169014,-0.00239780,-0.00096270,-0.00313700,-0.00250116,-0.00249528,-0.00348514,-0.00023801,-0.00210026,-0.00156801,-0.00039717,-0.00142713,-0.00124172,-0.00176216,-0.00040392,1898.00000000,612.00000000,2.00000000,3.00000000,1898.00000000,0.54991251
0.00632741,0.00440880,0.00459241,0.00561847,0.00126945,0.00459923,0.00437524,0.00049669,0.00619040,0.00452901,0.00463035,0.00574453,0.00185281,0.00465234,0.00472554,0.00619199,0.00059229,0.00483843,0.00488634,0.00141814,0.00580732,0.00477631,0.00450065,0.00607562,0.00051778,0.00439335,0.00453521,0.00147257,0.00560952,0.00464349,0.00454374,0.00062621,2150.00000000,1768.00000000,2.00000000,3.00000000,2150.00000000,0.45717490
0.00594464,0.00368051,0.00365628,0.00410682,0.00070077,0.00325529,0.00300835,0.00031553,0.00459044,0.00346966,0.00383573,0.00521717,0.00161143,0.00473051,0.00478808,0.00665503,0.00049764,0.00471449,0.00496043,0.00134853,0.00601682,0.00491438,0.00472424,0.00563958,0.00071760,0.00442345,0.00431098,0.00185657,0.00547509,0.00451122,0.00442600,0.00052741,2170.00000000,1694.00000000,2.00000000,3.00000000,2170.00000000,0.48273188
0.00894985,0.00594390,0.00608123,0.00712631,0.00166247,0.00576485,0.00557500,0.00067082,0.00814699,0.00584784,0.00612957,0.00748706,0.00180256,0.00607766,0.00579672,0.00802039,0.00071729,0.00603028,0.00621134,0.00222872,0.00751024,0.00575405,0.00540261,0.00653908,0.00092158,0.00601951,0.00616014,0.00211375,0.00763289,0.00646686,0.00618564,0.00060027,1920.00000000,1352.00000000,2.00000000,3.00000000,1920.00000000,0.45983276
0.00536005,0.00307156,0.00350844,0.00431493,0.00091285,0.00418132,0.00435691,0.00064993,0.00560749,0.00470970,0.00493819,0.00640899,0.00182496,0.00553099,0.00545978,0.00752830,0.00055633,0.00537386,0.00562642,0.00163817,0.00682009,0.00554669,0.00536886,0.00699133,0.00069318,0.00505891,0.00489752,0.00148896,0.00517084,0.00386727,0.00331814,0.00011480,1916.00000000,1214.00000000,2.00000000,3.00000000,1916.00000000,0.50097978
0.00033970,0.00099693,0.00183106,0.00299577,0.00090886,0.00248316,0.00238345,0.00013454,0.00330856,0.00207732,0.00200463,0.00207956,0.00032631,0.00207155,0.00221106,0.00303643,0.00032294,0.00218191,0.00201601,0.00036288,0.00204595,0.00196592,0.00204454,0.00317409,0.00014169,0.00231612,0.00241277,0.00091008,0.00289691,0.00174020,0.00093856,0.00022575,2408.00000000,1128.00000000,2.00000000,3.00000000,2408.00000000,0.56315821
0.00527650,0.00382580,0.00406158,0.00486658,0.00128669,0.00383521,0.00348247,0.00050038,0.00390224,0.00290888,0.00294053,0.00373611,0.00095554,0.00311183,0.00306190,0.00486947,0.00033166,0.00320795,0.00366974,0.00103241,0.00467497,0.00367927,0.00340758,0.00433852,0.00047398,0.00322883,0.00328551,0.00119905,0.00421972,0.00371529,0.00374876,0.00040965,2086.00000000,1268.00000000,2.00000000,3.00000000,2086.00000000,0.47020242
0.00570697,0.00408931,0.00419709,0.00504281,0.00137782,0.00419654,0.00430383,0.00045506,0.00548292,0.00404069,0.00418042,0.00493960,0.00109317,0.00422076,0.00404149,0.00537297,0.00049139,0.00396994,0.00394783,0.00136698,0.00483899,0.00393477,0.00365142,0.00579395,0.00029507,0.00343348,0.00386380,0.00078675,0.00476245,0.00392876,0.00373395,0.00039539,1838.00000000,1614.00000000,2.00000000,3.00000000,1838.00000000,0.48048067
0.00675565,0.00584479,0.00588403,0.00728912,0.00179075,0.00587315,0.00547317,0.00054686,0.00820288,0.00543350,0.00586723,0.00721918,0.00176991,0.00589106,0.00573267,0.00779714,0.00078905,0.00587315,0.00606373,0.00213081,0.00779831,0.00619712,0.00605529,0.00774612,0.00083131,0.00610309,0.00615236,0.00250591,0.00758855,0.00589779,0.00582034,0.00101205,1844.00000000,1488.00000000,2.00000000,3.00000000,1844.00000000,0.44650468
0.00812383,0.00653263,0.00644190,0.00793578,0.00232003,0.00632779,0.00609083,0.00074998,0.00823425,0.00584651,0.00611225,0.00745259,0.00177016,0.00616699,0.00604015,0.00820294,0.00083054,0.00628512,0.00651695,0.00234910,0.00802171,0.00655533,0.00648254,0.00863385,0.00080299,0.00651013,0.00667626,0.00224368,0.00817635,0.00660062,0.00654454,0.00092443,1998.00000000,1722.00000000,2.00000000,3.00000000,1998.00000000,0.44720152
0.00761031,0.00478037,0.00531808,0.00604065,0.00184845,0.00468035,0.00454909,0.00073942,0.00516979,0.00416100,0.00382988,0.00400544,0.00052307,0.00353990,0.00356333,0.00558790,0.00036667,0.00420736,0.00440525,0.00156304,0.00540562,0.00434582,0.00447430,0.00645811,0.00060654,0.00484943,0.00509634,0.00122201,0.00621154,0.00508574,0.00446383,0.00035490,2222.00000000,1540.00000000,2.00000000,3.00000000,2222.00000000,0.49584943
0.00765560,0.00622478,0.00625488,0.00759219,0.00212365,0.00606698,0.00571959,0.00075475,0.00738549,0.00534834,0.00556606,0.00693862,0.00164558,0.00571997,0.00546144,0.00795082,0.00073721,0.00539480,0.00544797,0.00157832,0.00625808,0.00507413,0.00486147,0.00674137,0.00055839,0.00502508,0.00535608,0.00182255,0.00702806,0.00593393,0.00600382,0.00085923,2222.00000000,1702.00000000,2.00000000,3.00000000,2222.00000000,0.45986480
0.00869701,0.00626009,0.00628109,0.00743496,0.00229615,0.00588384,0.00598289,0.00095951,0.00672676,0.00608739,0.00622247,0.00781526,0.00234174,0.00640785,0.00633862,0.00820610,0.00078571,0.00624895,0.00640485,0.00211854,0.00793536,0.00643781,0.00622261,0.00869031,0.00077263,0.00621535,0.00645243,0.00201975,0.00796704,0.00648685,0.00627245,0.00070165,2004.00000000,1286.00000000,2.00000000,3.00000000,2004.00000000,0.44627786
0.00661042,0.00489967,0.00499861,0.00608041,0.00131906,0.00492786,0.00459052,0.00046662,0.00690143,0.00470613,0.00493842,0.00600692,0.00167193,0.00489905,0.00488836,0.00646552,0.00062080,0.00500834,0.00512971,0.00156617,0.00624964,0.00524612,0.00509114,0.00689765,0.00061304,0.00518103,0.00513941,0.00185054,0.00626461,0.00503025,0.00500829,0.00067488,2114.00000000,1752.00000000,2.00000000,3.00000000,2114.00000000,0.45943213
0.00783193,0.00603019,0.00609932,0.00746195,0.00172246,0.00602649,0.00565955,0.00059540,0.00843536,0.00579650,0.00613355,0.00756202,0.00202349,0.00615979,0.00609452,0.00810693,0.00084470,0.00638275,0.00651698,0.00234015,0.00807439,0.00655345,0.00646600,0.00786532,0.00100895,0.00643242,0.00645882,0.00269185,0.00801591,0.00639243,0.00631422,0.00089520,2060.00000000,1720.00000000,2.00000000,3.00000000,2060.00000000,0.44338068
0.00539984,0.00368083,0.00389025,0.00483765,0.00093708,0.00388717,0.00350541,0.00031619,0.00578793,0.00370934,0.00403539,0.00494904,0.00140773,0.00401641,0.00397201,0.00488873,0.00050185,0.00376294,0.00359845,0.00100287,0.00399000,0.00346133,0.00346194,0.00466181,0.00033929,0.00351303,0.00373062,0.00102147,0.00431208,0.00377147,0.00376470,0.00041951,2052.00000000,1798.00000000,2.00000000,3.00000000,2052.00000000,0.47955918
0.00688789,0.00500934,0.00516582,0.00643221,0.00186286,0.00539284,0.00527390,0.00066292,0.00720913,0.00508354,0.00536000,0.00660073,0.00126753,0.00537779,0.00493278,0.00776864,0.00049550,0.00486116,0.00492522,0.00123163,0.00489126,0.00363165,0.00353352,0.00565831,0.00052730,0.00491405,0.00545956,0.00161130,0.00665056,0.00551109,0.00519511,0.00056069,1916.00000000,1730.00000000,2.00000000,3.00000000,1916.00000000,0.48624122
0.00162073,0.00124936,0.00130718,0.00167816,0.00048239,0.00148829,0.00148647,0.00020089,0.00204432,0.00121510,0.00108652,0.00114309,0.00017692,0.00118204,0.00119667,0.00165294,0.00016365,0.00125805,0.00138612,0.00061186,0.00171041,0.00114608,0.00098915,0.00112889,0.00017773,0.00101511,0.00095499,0.00025888,0.00086860,0.00087469,0.00103568,0.00012924,3134.00000000,756.00000000,2.00000000,3.00000000,3134.00000000,0.49582651
0.00636862,0.00368314,0.00406510,0.00472712,0.00084868,0.00452470,0.00453208,0.00051258,0.00676929,0.00441345,0.00417042,0.00466715,0.00099910,0.00387216,0.00366385,0.00540997,0.00036252,0.00367170,0.00398946,0.00107103,0.00480073,0.00410067,0.00423037,0.00535263,0.00065722,0.00448097,0.00455052,0.00166060,0.00539724,0.00446371,0.00397936,0.00030341,2244.00000000,1724.00000000,2.00000000,3.00000000,2244.00000000,0.49008563
0.00621571,0.00361954,0.00439289,0.00523628,0.00131320,0.00453751,0.00439655,0.00068375,0.00486522,0.00379955,0.00386733,0.00478376,0.00123113,0.00375564,0.00357950,0.00502131,0.00017099,0.00341497,0.00363724,0.00088241,0.00467171,0.00424126,0.00439398,0.00594067,0.00058098,0.00441182,0.00450705,0.00124812,0.00535288,0.00431237,0.00373371,0.00025158,2228.00000000,1620.00000000,2.00000000,3.00000000,2228.00000000,0.48463911
0.00294731,0.00244535,0.00230946,0.00266445,0.00066119,0.00241233,0.00244209,0.00020853,0.00329524,0.00226650,0.00214398,0.00252921,0.00063950,0.00249235,0.00240919,0.00313451,0.00021428,0.00231681,0.00241942,0.00076523,0.00289286,0.00228603,0.00213802,0.00315573,0.00014232,0.00222712,0.00234533,0.00069941,0.00290552,0.00239105,0.00244376,0.00029069,2370.00000000,1318.00000000,2.00000000,3.00000000,2370.00000000,0.47304210
0.00126013,0.00115212,0.00120818,0.00162232,0.00047681,0.00149461,0.00136992,0.00012887,0.00158433,0.00092095,0.00112005,0.00151501,0.00033128,0.00114783,0.00098504,0.00133218,0.00001324,0.00107207,0.00125429,0.00057777,0.00171905,0.00107024,0.00106753,0.00171984,0.00023207,0.00146983,0.00122390,0.00039860,0.00135230,0.00104569,0.00106660,0.00011517,2444.00000000,1732.00000000,2.00000000,3.00000000,2444.00000000,0.46910033
0.00159883,0.00169193,0.00173632,0.00212572,0.00059640,0.00167039,0.00161734,0.00020714,0.00237089,0.00178805,0.00185983,0.00227940,0.00060836,0.00163987,0.00133271,0.00204634,0.00018078,0.00170539,0.00199378,0.00071086,0.00280460,0.00224890,0.00205502,0.00225135,0.00026548,0.00125086,0.00089024,0.00029451,0.00063552,0.00060589,0.00094457,0.00016386,2750.00000000,324.00000000,2.00000000,3.00000000,2750.00000000,0.54518259
0.00168824,0.00115699,0.00120233,0.00152440,0.00047511,0.00131327,0.00142514,0.00024698,0.00215712,0.00165416,0.00162797,0.00184464,0.00039707,0.00140790,0.00117853,0.00150320,0.00011044,0.00086084,0.00072987,0.00022364,0.00099099,0.00110916,0.00134183,0.00181648,0.00008071,0.00114277,0.00104905,0.00014360,0.00128659,0.00121110,0.00119350,0.00013749,2858.00000000,954.00000000,2.00000000,3.00000000,2858.00000000,0.52935702
0.00145919,0.00118008,0.00121399,0.00138207,0.00042488,0.00065292,0.00066566,0.00013746,0.00139481,0.00148799,0.00166088,0.00194242,0.00045535,0.00149120,0.00130065,0.00174524,0.00015840,0.00117506,0.00126310,0.00051377,0.00163979,0.00130349,0.00136276,0.00198480,0.00013695,0.00127437,0.00116426,0.00020592,0.00142602,0.00120444,0.00105723,0.00010005,3160.00000000,320.00000000,2.00000000,3.00000000,3160.00000000,0.50709015
0.00165378,0.00098043,0.00084001,0.00087127,0.00025920,0.00076125,0.00113656,0.00024994,0.00216039,0.00191049,0.00183380,0.00201884,0.00044825,0.00175013,0.00176010,0.00192104,0.00023292,0.00106538,0.00075673,0.00027289,0.00073435,0.00062589,0.00079659,0.00138760,0.00020671,0.00134042,0.00141997,0.00039820,0.00154398,0.00126698,0.00125003,0.00010308,2918.00000000,578.00000000,2.00000000,3.00000000,2918.00000000,0.57321268
0.00158861,0.00089824,0.00075290,0.00106071,0.00043579,0.00118645,0.00128081,0.00020154,0.00154102,0.00110331,0.00120790,0.00147303,0.00040360,0.00140557,0.00127702,0.00120640,0.00010129,0.00075460,0.00091559,0.00032077,0.00133409,0.00127868,0.00132849,0.00224511,0.00008174,0.00123833,0.00131018,0.00021643,0.00165095,0.00140974,0.00137454,0.00020236,2970.00000000,866.00000000,2.00000000,3.00000000,2970.00000000,0.51310760
0.00198657,0.00153853,0.00144748,0.00166361,0.00052589,0.00121568,0.00132405,0.00021991,0.00196431,0.00149371,0.00137053,0.00136254,0.00015398,0.00115862,0.00129388,0.00211522,0.00017251,0.00162683,0.00176072,0.00059474,0.00207451,0.00146212,0.00122957,0.00174609,0.00013360,0.00144290,0.00162794,0.00046168,0.00188165,0.00158281,0.00159220,0.00016829,3198.00000000,346.00000000,2.00000000,3.00000000,3198.00000000,0.48086014
0.00137352,0.00067432,0.00074748,0.00151800,0.00065397,0.00168247,0.00174385,0.00026013,0.00195279,0.00135386,0.00115858,0.00116166,0.00031361,0.00067390,0.00037390,0.00062477,0.00007876,0.00097001,0.00140429,0.00057379,0.00202727,0.00163783,0.00151388,0.00245294,0.00014575,0.00162957,0.00174629,0.00040987,0.00209262,0.00177979,0.00161656,0.00023886,3328.00000000,1224.00000000,2.00000000,3.00000000,3328.00000000,0.57076836
0.00105395,0.00038765,0.00016723,0.00049924,0.00028655,0.00088273,0.00103823,0.00013127,0.00169028,0.00129346,0.00152477,0.00206168,0.00060052,0.00162435,0.00150221,0.00185813,0.00022801,0.00132475,0.00128345,0.00057131,0.00167938,0.00129799,0.00125470,0.00170801,0.00006851,0.00114912,0.00118654,0.00024529,0.00156851,0.00147953,0.00143379,0.00023834,3502.00000000,740.00000000,2.00000000,3.00000000,3502.00000000,0.56174171
0.00123935,0.00073454,0.00070922,0.00110455,0.00046233,0.00109859,0.00121284,0.00020025,0.00190604,0.00151662,0.00168749,0.00211783,0.00050217,0.00156247,0.00129951,0.00138245,0.00011621,0.00073561,0.00060698,0.00030563,0.00086133,0.00085262,0.00109523,0.00183384,0.00021322,0.00162658,0.00170659,0.00052670,0.00203232,0.00159533,0.00136326,0.00018466,3538.00000000,1200.00000000,2.00000000,3.00000000,3538.00000000,0.54110903
0.00143131,0.00083023,0.00083634,0.00129633,0.00047796,0.00129190,0.00130180,0.00015176,0.00180103,0.00124708,0.00133485,0.00159863,0.00032038,0.00138767,0.00139130,0.00157990,0.00014156,0.00085406,0.00052968,0.00011555,0.00072501,0.00094390,0.00116423,0.00177929,0.00016554,0.00135774,0.00145797,0.00041337,0.00181296,0.00147050,0.00131555,0.00017812,3754.00000000,958.00000000,2.00000000,3.00000000,3754.00000000,0.52657068
-0.00365642,-0.00335023,-0.00353583,-0.00502303,-0.00116575,-0.00378227,-0.00369657,0.00000000,-0.00451993,-0.00348439,-0.00313041,-0.00409373,-0.00104388,-0.00203567,-0.00162334,-0.00131480,0.00000000,-0.00137608,-0.00185131,-0.00053655,-0.00316023,-0.00303576,-0.00340678,-0.00363330,0.00000000,-0.00317458,-0.00274560,-0.00076980,-0.00260322,-0.00220083,-0.00239440,0.00000000,1768.00000000,584.00000000,3.00000000,2.00000000,1768.00000000,0.59008765
-0.00293325,-0.00136872,-0.00113991,-0.00114912,-0.00044678,-0.00166554,-0.00241599,0.00000000,-0.00350441,-0.00360296,-0.00369852,-0.00515121,-0.00116340,-0.00391862,-0.00380692,-0.00474044,0.00000000,-0.00345033,-0.00326432,-0.00128387,-0.00448944,-0.00289568,-0.00288946,-0.00268781,0.00000000,-0.00280609,-0.00275606,-0.00127874,-0.00425141,-0.00295460,-0.00286823,0.00000000,1812.00000000,600.00000000,3.00000000,2.00000000,1812.00000000,0.59598768
-0.00332292,-0.00346971,-0.00317488,-0.00443070,-0.00129969,-0.00286230,-0.00287003,0.00000000,-0.00298004,-0.00283367,-0.00294650,-0.00459660,-0.00123680,-0.00355355,-0.00367969,-0.00509887,0.00000000,-0.00375448,-0.00384239,-0.00115048,-0.00502388,-0.00344061,-0.00323875,-0.00288709,0.00000000,-0.00186737,-0.00137126,-0.00023744,-0.00140666,-0.00186652,-0.00256299,0.00016357,1812.00000000,656.00000000,3.00000000,2.00000000,1812.00000000,0.58820403
-0.00435310,-0.00372044,-0.00380376,-0.00503364,-0.00111567,-0.00356783,-0.00336272,0.00000000,-0.00413967,-0.00333956,-0.00291569,-0.00325239,-0.00051815,-0.00226484,-0.00239723,-0.00314727,0.00000000,-0.00314972,-0.00298811,-0.00117269,-0.00383846,-0.00251954,-0.00199218,-0.00178375,0.00000000,-0.00113533,-0.00139347,-0.00085451,-0.00338640,-0.00274199,-0.00338337,0.00000000,1724.00000000,608.00000000,3.00000000,2.00000000,1724.00000000,0.57903200
-0.00399190,-0.00306126,-0.00243432,-0.00281317,-0.00051345,-0.00125546,-0.00117722,0.00000000,-0.00225398,-0.00249132,-0.00292377,-0.00431593,-0.00129198,-0.00314341,-0.00323185,-0.00308519,0.00000000,-0.00267632,-0.00232682,-0.00067047,-0.00302499,-0.00272592,-0.00309505,-0.00414310,0.00000000,-0.00362048,-0.00377098,-0.00113795,-0.00504839,-0.00372070,-0.00359449,0.00000000,1728.00000000,656.00000000,3.00000000,2.00000000,1728.00000000,0.57298189
-0.00256511,-0.00217537,-0.00199832,-0.00279870,-0.00075385,-0.00201760,-0.00216638,0.00000000,-0.00253535,-0.00217690,-0.00200061,-0.00272920,-0.00075530,-0.00199402,-0.00214752,-0.00255327,0.00000000,-0.00213891,-0.00205370,-0.00066842,-0.00267822,-0.00198033,-0.00195102,-0.00260756,0.00000000,-0.00209258,-0.00214552,-0.00069943,-0.00291880,-0.00217086,-0.00224077,0.00000000,184.00000000,2056.00000000,3.00000000,2.00000000,184.00000000,0.49340647
0.00059270,0.00085873,0.00115657,0.00203511,0.00055261,0.00134009,0.00106767,0.00000000,0.00125946,0.00096540,0.00117622,0.00194684,0.00056952,0.00127986,0.00122797,0.00113602,0.00000000,0.00087488,0.00088889,0.00038284,0.00163236,0.00131268,0.00142131,0.00179895,0.00000000,0.00139833,0.00133658,0.00046103,0.00166990,0.00095067,0.00077557,0.00000000,3364.00000000,1168.00000000,3.00000000,2.00000000,3364.00000000,0.54991484
-0.00291225,-0.00210926,-0.00214004,-0.00264851,-0.00065520,-0.00210605,-0.00199342,-0.00021493,-0.00299999,-0.00200848,-0.00208140,-0.00249291,-0.00070517,-0.00194243,-0.00200118,-0.00222631,-0.00044722,-0.00206694,-0.00177376,-0.00075892,-0.00139603,-0.00057841,-0.00029244,-0.00110531,0.00010350,-0.00102017,-0.00159384,-0.00049866,-0.00245913,-0.00209337,-0.00208274,-0.00024016,1900.00000000,436.00000000,3.00000000,3.00000000,1900.00000000,0.55909145
0.00116526,0.00041316,0.00045273,0.00099970,0.00037197,0.00141295,0.00151463,0.00023423,0.00195121,0.00141076,0.00164470,0.00210589,0.00063827,0.00175108,0.00146191,0.00113115,0.00012488,0.00060434,0.00105119,0.00051355,0.00217846,0.00200881,0.00192749,0.00305697,0.00021996,0.00189766,0.00198617,0.00048047,0.00222552,0.00165850,0.00137984,0.00014569,1672.00000000,84.00000000,3.00000000,3.00000000,1672.00000000,0.59473372
-0.00404620,-0.00251465,-0.00182112,-0.00190671,-0.00063988,-0.00289724,-0.00342698,-0.00058767,-0.00405029,-0.00318976,-0.00254461,-0.00158841,0.00006648,-0.00090343,-0.00112607,-0.00195540,-0.00047426,-0.00275248,-0.00344987,-0.00157748,-0.00471406,-0.00372337,-0.00372454,-0.00513922,-0.00041699,-0.00362087,-0.00375926,-0.00122508,-0.00467332,-0.00367127,-0.00353807,-0.00048081,1772.00000000,684.00000000,3.00000000,3.00000000,1772.00000000,0.57917368
-0.00240104,-0.00161078,-0.00146408,-0.00228325,-0.00079448,-0.00214393,-0.00220224,-0.00025634,-0.00354333,-0.00240165,-0.00253647,-0.00270088,-0.00054228,-0.00112225,-0.00063615,-0.00075104,-0.00024749,-0.00076509,-0.00087556,-0.00043310,-0.00177378,-0.00184042,-0.00199628,-0.00251307,-0.00005614,-0.00168368,-0.00150562,-0.00054452,-0.00187249,-0.00152104,-0.00182292,-0.00040647,2384.00000000,1204.00000000,3.00000000,3.00000000,2384.00000000,0.58429301
0.00726093,0.00447866,0.00519029,0.00616515,0.00123922,0.00518490,0.00491648,0.00047141,0.00730447,0.00513273,0.00534825,0.00636176,0.00165696,0.00570705,0.00571444,0.00762361,0.00059398,0.00545431,0.00554259,0.00145840,0.00660076,0.00549930,0.00502226,0.00747559,0.00041785,0.00442707,0.00462711,0.00099863,0.00564093,0.00474375,0.00437997,0.00038431,2100.00000000,1544.00000000,3.00000000,3.00000000,2100.00000000,0.50010139
0.00777869,0.00512942,0.00569365,0.00690968,0.00175965,0.00580993,0.00573047,0.00070043,0.00783615,0.00566409,0.00546748,0.00594346,0.00105810,0.00547519,0.00530335,0.00785135,0.00048985,0.00536165,0.00551151,0.00142770,0.00617364,0.00505147,0.00460399,0.00649752,0.00038920,0.00428126,0.00475816,0.00117084,0.00617651,0.00524693,0.00481696,0.00040950,2196.00000000,1580.00000000,3.00000000,3.00000000,2196.00000000,0.49791902
0.00128734,0.00068809,0.00063596,0.00093146,0.00041909,0.00073127,0.00074063,0.00014399,0.00108280,0.00137019,0.00167512,0.00206857,0.00057920,0.00154354,0.00141832,0.00198688,0.00015438,0.00156076,0.00165525,0.00054972,0.00208945,0.00163095,0.00151230,0.00202265,0.00013713,0.00151158,0.00149864,0.00034872,0.00175356,0.00149121,0.00132252,0.00011973,3212.00000000,1040.00000000,3.00000000,3.00000000,3212.00000000,0.53746718
